name,url,id_label_in_documents
bãi cỏ,https://minio.aiotlab-annotation.com/documents/videos_samples/W00082.mp4?autoplay=true,1
bực mình,https://minio.aiotlab-annotation.com/documents/videos_samples/D0036.mp4?autoplay=true,2
ông bà,https://minio.aiotlab-annotation.com/documents/videos_samples/D0151B.mp4?autoplay=true,3
hay là (hoặc là),https://minio.aiotlab-annotation.com/documents/videos_samples/D0243B.mp4?autoplay=true,4
không cho,https://minio.aiotlab-annotation.com/documents/videos_samples/D0033B.mp4?autoplay=true,5
bên trên,https://minio.aiotlab-annotation.com/documents/videos_samples/W00240.mp4?autoplay=true,6
cùng / với (giới từ),https://minio.aiotlab-annotation.com/documents/videos_samples/D0166.mp4?autoplay=true,7
họ (2 người) (đại từ),https://minio.aiotlab-annotation.com/documents/videos_samples/D0136.mp4?autoplay=true,8
làm được,https://minio.aiotlab-annotation.com/documents/videos_samples/D0438.mp4?autoplay=true,9
ở ngoài,https://minio.aiotlab-annotation.com/documents/videos_samples/W02580B.mp4?autoplay=true,10
tuần này,https://minio.aiotlab-annotation.com/documents/videos_samples/D0416B.mp4?autoplay=true,11
từ chối,https://minio.aiotlab-annotation.com/documents/videos_samples/D0103B.mp4?autoplay=true,12
nhưng,https://minio.aiotlab-annotation.com/documents/videos_samples/D0242B.mp4?autoplay=true,13
một ít/ một chút,https://minio.aiotlab-annotation.com/documents/videos_samples/D0184.mp4?autoplay=true,14
là gì?,https://minio.aiotlab-annotation.com/documents/videos_samples/W01911B.mp4?autoplay=true,15
còn bạn?,https://minio.aiotlab-annotation.com/documents/videos_samples/D0121.mp4?autoplay=true,16
hoặc,https://minio.aiotlab-annotation.com/documents/videos_samples/D0188B.mp4?autoplay=true,17
có … không?,https://minio.aiotlab-annotation.com/documents/videos_samples/D0098.mp4?autoplay=true,18
các bạn,https://minio.aiotlab-annotation.com/documents/videos_samples/W00400.mp4?autoplay=true,19
để (đặt),https://minio.aiotlab-annotation.com/documents/videos_samples/W01173.mp4?autoplay=true,20
trong khoảng,https://minio.aiotlab-annotation.com/documents/videos_samples/D0290.mp4?autoplay=true,21
chúng tôi (2 người) (đại từ),https://minio.aiotlab-annotation.com/documents/videos_samples/D0130.mp4?autoplay=true,22
ra ngoài,https://minio.aiotlab-annotation.com/documents/videos_samples/W02825B.mp4?autoplay=true,23
khác,https://minio.aiotlab-annotation.com/documents/videos_samples/W01757.mp4?autoplay=true,24
làm việc,https://minio.aiotlab-annotation.com/documents/videos_samples/W01928.mp4?autoplay=true,25
thời gian biểu,https://minio.aiotlab-annotation.com/documents/videos_samples/W03303.mp4?autoplay=true,26
nói chuyện,https://minio.aiotlab-annotation.com/documents/videos_samples/W02523.mp4?autoplay=true,27
mỗi,https://minio.aiotlab-annotation.com/documents/videos_samples/W02237.mp4?autoplay=true,28
không có,https://minio.aiotlab-annotation.com/documents/videos_samples/D0112.mp4?autoplay=true,29
vui mừng,https://minio.aiotlab-annotation.com/documents/videos_samples/W03889B.mp4?autoplay=true,30
muốn,https://minio.aiotlab-annotation.com/documents/videos_samples/W02221B.mp4?autoplay=true,31
không khí,https://minio.aiotlab-annotation.com/documents/videos_samples/W01841.mp4?autoplay=true,32
cũng vậy/cũng thế,https://minio.aiotlab-annotation.com/documents/videos_samples/D0118.mp4?autoplay=true,33
chơi,https://minio.aiotlab-annotation.com/documents/videos_samples/W00639B.mp4?autoplay=true,34
nhỏ/ nhỏ bé,https://minio.aiotlab-annotation.com/documents/videos_samples/W02500.mp4?autoplay=true,35
cuối tuần,https://minio.aiotlab-annotation.com/documents/videos_samples/D0419.mp4?autoplay=true,36
nhà vệ sinh,https://minio.aiotlab-annotation.com/documents/videos_samples/D0485.mp4?autoplay=true,37
đọc sách,https://minio.aiotlab-annotation.com/documents/videos_samples/W01239.mp4?autoplay=true,38
tay,https://minio.aiotlab-annotation.com/documents/videos_samples/W03090.mp4?autoplay=true,39
cổng,https://minio.aiotlab-annotation.com/documents/videos_samples/W00854.mp4?autoplay=true,40
to lớn,https://minio.aiotlab-annotation.com/documents/videos_samples/W03466.mp4?autoplay=true,41
chính tả,https://minio.aiotlab-annotation.com/documents/videos_samples/W00619.mp4?autoplay=true,42
thêm,https://minio.aiotlab-annotation.com/documents/videos_samples/W03240.mp4?autoplay=true,43
đất,https://minio.aiotlab-annotation.com/documents/videos_samples/W01135.mp4?autoplay=true,44
phải không?,https://minio.aiotlab-annotation.com/documents/videos_samples/D0120B.mp4?autoplay=true,45
cao (người),https://minio.aiotlab-annotation.com/documents/videos_samples/W00415.mp4?autoplay=true,46
rộng lớn,https://minio.aiotlab-annotation.com/documents/videos_samples/W02872.mp4?autoplay=true,47
theo dõi,https://minio.aiotlab-annotation.com/documents/videos_samples/W03228.mp4?autoplay=true,48
hành động,https://minio.aiotlab-annotation.com/documents/videos_samples/W01554.mp4?autoplay=true,49
xin lỗi,https://minio.aiotlab-annotation.com/documents/videos_samples/W03990.mp4?autoplay=true,50
đi,https://minio.aiotlab-annotation.com/documents/videos_samples/W01190.mp4?autoplay=true,51
tóm tắt,https://minio.aiotlab-annotation.com/documents/videos_samples/W03482.mp4?autoplay=true,52
phân loại,https://minio.aiotlab-annotation.com/documents/videos_samples/W02615.mp4?autoplay=true,53
cần không?,https://minio.aiotlab-annotation.com/documents/videos_samples/D0122B.mp4?autoplay=true,54
trang điểm,https://minio.aiotlab-annotation.com/documents/videos_samples/D0445.mp4?autoplay=true,55
cha mẹ,https://minio.aiotlab-annotation.com/documents/videos_samples/W00482.mp4?autoplay=true,56
gần gũi,https://minio.aiotlab-annotation.com/documents/videos_samples/W01397.mp4?autoplay=true,57
tự (tự làm),https://minio.aiotlab-annotation.com/documents/videos_samples/W03568.mp4?autoplay=true,58
gấp đôi,https://minio.aiotlab-annotation.com/documents/videos_samples/D0247.mp4?autoplay=true,59
gấp ba,https://minio.aiotlab-annotation.com/documents/videos_samples/D0248.mp4?autoplay=true,60
quan sát,https://minio.aiotlab-annotation.com/documents/videos_samples/D0256.mp4?autoplay=true,61
xảy ra,https://minio.aiotlab-annotation.com/documents/videos_samples/D0258.mp4?autoplay=true,62
đói không?,https://minio.aiotlab-annotation.com/documents/videos_samples/D0371.mp4?autoplay=true,63
mệt không?,https://minio.aiotlab-annotation.com/documents/videos_samples/D0370.mp4?autoplay=true,64
chiên/rán (1)(2),https://minio.aiotlab-annotation.com/documents/videos_samples/D0373.mp4?autoplay=true,65
nướng,https://minio.aiotlab-annotation.com/documents/videos_samples/D0374.mp4?autoplay=true,66
luộc,https://minio.aiotlab-annotation.com/documents/videos_samples/D0375.mp4?autoplay=true,67
xào,https://minio.aiotlab-annotation.com/documents/videos_samples/D0376.mp4?autoplay=true,68
lẩu,https://minio.aiotlab-annotation.com/documents/videos_samples/D0377.mp4?autoplay=true,69
thối,https://minio.aiotlab-annotation.com/documents/videos_samples/D0381.mp4?autoplay=true,70
thiu,https://minio.aiotlab-annotation.com/documents/videos_samples/D0382.mp4?autoplay=true,71
nguội,https://minio.aiotlab-annotation.com/documents/videos_samples/D0383.mp4?autoplay=true,72
đồ ăn,https://minio.aiotlab-annotation.com/documents/videos_samples/D0444.mp4?autoplay=true,73
luộc rau,https://minio.aiotlab-annotation.com/documents/videos_samples/D0455.mp4?autoplay=true,74
nước mắm,https://minio.aiotlab-annotation.com/documents/videos_samples/D0457.mp4?autoplay=true,75
sáng,https://minio.aiotlab-annotation.com/documents/videos_samples/W00024.mp4?autoplay=true,76
áo,https://minio.aiotlab-annotation.com/documents/videos_samples/W00028.mp4?autoplay=true,77
ăn uống,https://minio.aiotlab-annotation.com/documents/videos_samples/W00042.mp4?autoplay=true,78
ấm áp,https://minio.aiotlab-annotation.com/documents/videos_samples/W00051.mp4?autoplay=true,79
ẩm ướt,https://minio.aiotlab-annotation.com/documents/videos_samples/W00050.mp4?autoplay=true,80
ban đêm,https://minio.aiotlab-annotation.com/documents/videos_samples/W00086B.mp4?autoplay=true,81
bản thân,https://minio.aiotlab-annotation.com/documents/videos_samples/W00104.mp4?autoplay=true,82
bạn,https://minio.aiotlab-annotation.com/documents/videos_samples/W00110B.mp4?autoplay=true,83
bánh mì,https://minio.aiotlab-annotation.com/documents/videos_samples/W00137B.mp4?autoplay=true,84
bao giờ?,https://minio.aiotlab-annotation.com/documents/videos_samples/W00145B.mp4?autoplay=true,85
báo động,https://minio.aiotlab-annotation.com/documents/videos_samples/W00163.mp4?autoplay=true,86
bắp ngô,https://minio.aiotlab-annotation.com/documents/videos_samples/W00196B.mp4?autoplay=true,87
bắt tay,https://minio.aiotlab-annotation.com/documents/videos_samples/W00202.mp4?autoplay=true,88
bóc vỏ,https://minio.aiotlab-annotation.com/documents/videos_samples/W00300.mp4?autoplay=true,89
buổi tối,https://minio.aiotlab-annotation.com/documents/videos_samples/W00369B.mp4?autoplay=true,90
buổi chiều,https://minio.aiotlab-annotation.com/documents/videos_samples/W00366.mp4?autoplay=true,91
buổi trưa,https://minio.aiotlab-annotation.com/documents/videos_samples/W00370B.mp4?autoplay=true,92
bức tranh,https://minio.aiotlab-annotation.com/documents/videos_samples/W00386B.mp4?autoplay=true,93
cặp sách,https://minio.aiotlab-annotation.com/documents/videos_samples/W00428.mp4?autoplay=true,94
cặp tóc,https://minio.aiotlab-annotation.com/documents/videos_samples/W00429.mp4?autoplay=true,95
chảo,https://minio.aiotlab-annotation.com/documents/videos_samples/W00493B.mp4?autoplay=true,96
chạy nhanh,https://minio.aiotlab-annotation.com/documents/videos_samples/W00504.mp4?autoplay=true,97
chạy chậm,https://minio.aiotlab-annotation.com/documents/videos_samples/W00503.mp4?autoplay=true,98
chăn (cái chăn),https://minio.aiotlab-annotation.com/documents/videos_samples/W00509B.mp4?autoplay=true,99
chặt,https://minio.aiotlab-annotation.com/documents/videos_samples/W00513B.mp4?autoplay=true,100
chị,https://minio.aiotlab-annotation.com/documents/videos_samples/W00570B.mp4?autoplay=true,101
chiếc gối,https://minio.aiotlab-annotation.com/documents/videos_samples/W00584B.mp4?autoplay=true,102
chìa khóa,https://minio.aiotlab-annotation.com/documents/videos_samples/W00583.mp4?autoplay=true,103
chiếm đoạt,https://minio.aiotlab-annotation.com/documents/videos_samples/W00585.mp4?autoplay=true,104
chiều cao,https://minio.aiotlab-annotation.com/documents/videos_samples/W00594.mp4?autoplay=true,105
chiều dài,https://minio.aiotlab-annotation.com/documents/videos_samples/W00595.mp4?autoplay=true,106
chiều rộng,https://minio.aiotlab-annotation.com/documents/videos_samples/W00596.mp4?autoplay=true,107
chiều tối,https://minio.aiotlab-annotation.com/documents/videos_samples/W00597.mp4?autoplay=true,108
chín,https://minio.aiotlab-annotation.com/documents/videos_samples/W00616.mp4?autoplay=true,109
chuẩn bị,https://minio.aiotlab-annotation.com/documents/videos_samples/W00662B.mp4?autoplay=true,110
chúc mừng,https://minio.aiotlab-annotation.com/documents/videos_samples/W00663B.mp4?autoplay=true,111
chúc tết,https://minio.aiotlab-annotation.com/documents/videos_samples/W00664B.mp4?autoplay=true,112
chính xác,https://minio.aiotlab-annotation.com/documents/videos_samples/W00620B.mp4?autoplay=true,113
chứng cớ,https://minio.aiotlab-annotation.com/documents/videos_samples/W00718.mp4?autoplay=true,114
chứng minh,https://minio.aiotlab-annotation.com/documents/videos_samples/W00719.mp4?autoplay=true,115
coi thường,https://minio.aiotlab-annotation.com/documents/videos_samples/W00731.mp4?autoplay=true,116
chức năng,https://minio.aiotlab-annotation.com/documents/videos_samples/W00710.mp4?autoplay=true,117
máy vi tính,https://minio.aiotlab-annotation.com/documents/videos_samples/W00732.mp4?autoplay=true,118
con cá,https://minio.aiotlab-annotation.com/documents/videos_samples/W00737B.mp4?autoplay=true,119
con chó,https://minio.aiotlab-annotation.com/documents/videos_samples/W00739B.mp4?autoplay=true,120
con chim,https://minio.aiotlab-annotation.com/documents/videos_samples/W00738.mp4?autoplay=true,121
con chuột,https://minio.aiotlab-annotation.com/documents/videos_samples/W00742B.mp4?autoplay=true,122
con lợn (con heo),https://minio.aiotlab-annotation.com/documents/videos_samples/W00770B.mp4?autoplay=true,123
con muỗi,https://minio.aiotlab-annotation.com/documents/videos_samples/W00773B.mp4?autoplay=true,124
con mèo,https://minio.aiotlab-annotation.com/documents/videos_samples/W00772B.mp4?autoplay=true,125
con người,https://minio.aiotlab-annotation.com/documents/videos_samples/W00777B.mp4?autoplay=true,126
cô giáo,https://minio.aiotlab-annotation.com/documents/videos_samples/W00812B.mp4?autoplay=true,127
côn trùng,https://minio.aiotlab-annotation.com/documents/videos_samples/W00837.mp4?autoplay=true,128
công sức,https://minio.aiotlab-annotation.com/documents/videos_samples/W00844.mp4?autoplay=true,129
công tắc,https://minio.aiotlab-annotation.com/documents/videos_samples/W00845.mp4?autoplay=true,130
công cụ,https://minio.aiotlab-annotation.com/documents/videos_samples/W00841.mp4?autoplay=true,131
công cộng,https://minio.aiotlab-annotation.com/documents/videos_samples/W00840.mp4?autoplay=true,132
công viên,https://minio.aiotlab-annotation.com/documents/videos_samples/W00850B.mp4?autoplay=true,133
cơ hội,https://minio.aiotlab-annotation.com/documents/videos_samples/W00868B.mp4?autoplay=true,134
cởi áo,https://minio.aiotlab-annotation.com/documents/videos_samples/W00876.mp4?autoplay=true,135
cơm hộp,https://minio.aiotlab-annotation.com/documents/videos_samples/W00877.mp4?autoplay=true,136
cúi,https://minio.aiotlab-annotation.com/documents/videos_samples/W00895.mp4?autoplay=true,137
củ cà rốt,https://minio.aiotlab-annotation.com/documents/videos_samples/W00901.mp4?autoplay=true,138
củ khoai tây,https://minio.aiotlab-annotation.com/documents/videos_samples/W00905.mp4?autoplay=true,139
củ nghệ,https://minio.aiotlab-annotation.com/documents/videos_samples/W00906.mp4?autoplay=true,140
củ tỏi,https://minio.aiotlab-annotation.com/documents/videos_samples/W00908.mp4?autoplay=true,141
củ gừng,https://minio.aiotlab-annotation.com/documents/videos_samples/W00903.mp4?autoplay=true,142
cục tẩy,https://minio.aiotlab-annotation.com/documents/videos_samples/W00914.mp4?autoplay=true,143
cuộn giấy vệ sinh,https://minio.aiotlab-annotation.com/documents/videos_samples/W00925.mp4?autoplay=true,144
cửa sổ,https://minio.aiotlab-annotation.com/documents/videos_samples/W00939.mp4?autoplay=true,145
dạy,https://minio.aiotlab-annotation.com/documents/videos_samples/W00979.mp4?autoplay=true,146
cửa hàng,https://minio.aiotlab-annotation.com/documents/videos_samples/W00935B.mp4?autoplay=true,147
cứu,https://minio.aiotlab-annotation.com/documents/videos_samples/W00947.mp4?autoplay=true,148
cướp,https://minio.aiotlab-annotation.com/documents/videos_samples/W00943B.mp4?autoplay=true,149
dán,https://minio.aiotlab-annotation.com/documents/videos_samples/W00972.mp4?autoplay=true,150
dầu ăn,https://minio.aiotlab-annotation.com/documents/videos_samples/W00993.mp4?autoplay=true,151
dầu gội đầu,https://minio.aiotlab-annotation.com/documents/videos_samples/W00994.mp4?autoplay=true,152
dễ thương,https://minio.aiotlab-annotation.com/documents/videos_samples/W01027.mp4?autoplay=true,153
dịch vụ,https://minio.aiotlab-annotation.com/documents/videos_samples/W01033B.mp4?autoplay=true,154
dòng sông,https://minio.aiotlab-annotation.com/documents/videos_samples/W01058.mp4?autoplay=true,155
dốc,https://minio.aiotlab-annotation.com/documents/videos_samples/W01060.mp4?autoplay=true,156
dốt,https://minio.aiotlab-annotation.com/documents/videos_samples/W01061.mp4?autoplay=true,157
đăng ký,https://minio.aiotlab-annotation.com/documents/videos_samples/W01126.mp4?autoplay=true,158
đăng nhập,https://minio.aiotlab-annotation.com/documents/videos_samples/W01127.mp4?autoplay=true,159
đằng sau,https://minio.aiotlab-annotation.com/documents/videos_samples/W01128.mp4?autoplay=true,160
đập,https://minio.aiotlab-annotation.com/documents/videos_samples/W01134.mp4?autoplay=true,161
đèn điện,https://minio.aiotlab-annotation.com/documents/videos_samples/W01155B.mp4?autoplay=true,162
đi học,https://minio.aiotlab-annotation.com/documents/videos_samples/W01191.mp4?autoplay=true,163
đèn pin,https://minio.aiotlab-annotation.com/documents/videos_samples/W01159B.mp4?autoplay=true,164
đẹp đẽ (như đẹp),https://minio.aiotlab-annotation.com/documents/videos_samples/W01170.mp4?autoplay=true,165
đều đặn,https://minio.aiotlab-annotation.com/documents/videos_samples/W01188.mp4?autoplay=true,166
điện,https://minio.aiotlab-annotation.com/documents/videos_samples/W01205B.mp4?autoplay=true,167
điện thoại,https://minio.aiotlab-annotation.com/documents/videos_samples/W01208.mp4?autoplay=true,168
điều khiển,https://minio.aiotlab-annotation.com/documents/videos_samples/W01214.mp4?autoplay=true,169
điều kiện,https://minio.aiotlab-annotation.com/documents/videos_samples/W01215.mp4?autoplay=true,170
điều hòa,https://minio.aiotlab-annotation.com/documents/videos_samples/W01213B.mp4?autoplay=true,171
đối diện,https://minio.aiotlab-annotation.com/documents/videos_samples/W01257.mp4?autoplay=true,172
đôi dép,https://minio.aiotlab-annotation.com/documents/videos_samples/W01255.mp4?autoplay=true,173
nhiệt độ,https://minio.aiotlab-annotation.com/documents/videos_samples/W01298.mp4?autoplay=true,174
đợi,https://minio.aiotlab-annotation.com/documents/videos_samples/W01304B.mp4?autoplay=true,175
đơn giản,https://minio.aiotlab-annotation.com/documents/videos_samples/W01305.mp4?autoplay=true,176
đun nấu,https://minio.aiotlab-annotation.com/documents/videos_samples/W01321.mp4?autoplay=true,177
găng tay,https://minio.aiotlab-annotation.com/documents/videos_samples/W01393.mp4?autoplay=true,178
gắp thức ăn,https://minio.aiotlab-annotation.com/documents/videos_samples/W01394.mp4?autoplay=true,179
đi vệ sinh,https://minio.aiotlab-annotation.com/documents/videos_samples/D0486.mp4?autoplay=true,180
nhầm,https://minio.aiotlab-annotation.com/documents/videos_samples/D0060B.mp4?autoplay=true,181
mỳ tôm,https://minio.aiotlab-annotation.com/documents/videos_samples/D0080B.mp4?autoplay=true,182
không quen,https://minio.aiotlab-annotation.com/documents/videos_samples/D0109B.mp4?autoplay=true,183
không có chi,https://minio.aiotlab-annotation.com/documents/videos_samples/D0113.mp4?autoplay=true,184
đúng không?,https://minio.aiotlab-annotation.com/documents/videos_samples/D0119B.mp4?autoplay=true,185
mệt mỏi,https://minio.aiotlab-annotation.com/documents/videos_samples/D0369.mp4?autoplay=true,186
đau mắt,https://minio.aiotlab-annotation.com/documents/videos_samples/D0355.mp4?autoplay=true,187
đau bụng,https://minio.aiotlab-annotation.com/documents/videos_samples/D0356.mp4?autoplay=true,188
đau tay,https://minio.aiotlab-annotation.com/documents/videos_samples/D0357.mp4?autoplay=true,189
đau chân,https://minio.aiotlab-annotation.com/documents/videos_samples/D0358.mp4?autoplay=true,190
đau tai,https://minio.aiotlab-annotation.com/documents/videos_samples/D0359.mp4?autoplay=true,191
xem,https://minio.aiotlab-annotation.com/documents/videos_samples/D0192B.mp4?autoplay=true,192
giấy ăn,https://minio.aiotlab-annotation.com/documents/videos_samples/W01471B.mp4?autoplay=true,193
hứa,https://minio.aiotlab-annotation.com/documents/videos_samples/D0165B.mp4?autoplay=true,194
lâu,https://minio.aiotlab-annotation.com/documents/videos_samples/D0167.mp4?autoplay=true,195
vẫn,https://minio.aiotlab-annotation.com/documents/videos_samples/D0168B.mp4?autoplay=true,196
mỗi ngày,https://minio.aiotlab-annotation.com/documents/videos_samples/D0169B.mp4?autoplay=true,197
không ngon,https://minio.aiotlab-annotation.com/documents/videos_samples/D0198.mp4?autoplay=true,198
đánh răng,https://minio.aiotlab-annotation.com/documents/videos_samples/D0414.mp4?autoplay=true,199
tuần trước,https://minio.aiotlab-annotation.com/documents/videos_samples/D0418B.mp4?autoplay=true,200
cuối tháng,https://minio.aiotlab-annotation.com/documents/videos_samples/D0420.mp4?autoplay=true,201
cuối năm,https://minio.aiotlab-annotation.com/documents/videos_samples/D0421.mp4?autoplay=true,202
mục tiêu,https://minio.aiotlab-annotation.com/documents/videos_samples/D0422.mp4?autoplay=true,203
mô tả,https://minio.aiotlab-annotation.com/documents/videos_samples/D0426.mp4?autoplay=true,204
tay chân sạch sẽ,https://minio.aiotlab-annotation.com/documents/videos_samples/D0432B.mp4?autoplay=true,205
sờ,https://minio.aiotlab-annotation.com/documents/videos_samples/D0434.mp4?autoplay=true,206
dịu dàng,https://minio.aiotlab-annotation.com/documents/videos_samples/D0436.mp4?autoplay=true,207
đùa,https://minio.aiotlab-annotation.com/documents/videos_samples/D0437B.mp4?autoplay=true,208
đồ uống,https://minio.aiotlab-annotation.com/documents/videos_samples/D0443.mp4?autoplay=true,209
đau mắt đỏ,https://minio.aiotlab-annotation.com/documents/videos_samples/D0446.mp4?autoplay=true,210
họp nhóm,https://minio.aiotlab-annotation.com/documents/videos_samples/D0452B.mp4?autoplay=true,211
muối,https://minio.aiotlab-annotation.com/documents/videos_samples/D0456.mp4?autoplay=true,212
trẻ con/con nít,https://minio.aiotlab-annotation.com/documents/videos_samples/D0464B.mp4?autoplay=true,213
cạnh tranh,https://minio.aiotlab-annotation.com/documents/videos_samples/D0466.mp4?autoplay=true,214
phóng viên,https://minio.aiotlab-annotation.com/documents/videos_samples/D0469.mp4?autoplay=true,215
phong toả,https://minio.aiotlab-annotation.com/documents/videos_samples/D0475.mp4?autoplay=true,216
khu vực cách ly,https://minio.aiotlab-annotation.com/documents/videos_samples/D0474.mp4?autoplay=true,217
kết luận,https://minio.aiotlab-annotation.com/documents/videos_samples/D0483.mp4?autoplay=true,218
internet,https://minio.aiotlab-annotation.com/documents/videos_samples/D0484.mp4?autoplay=true,219
ác độc,https://minio.aiotlab-annotation.com/documents/videos_samples/W00002.mp4?autoplay=true,220
ác mộng,https://minio.aiotlab-annotation.com/documents/videos_samples/W00003.mp4?autoplay=true,221
anh dũng,https://minio.aiotlab-annotation.com/documents/videos_samples/W00012B.mp4?autoplay=true,222
áo ấm,https://minio.aiotlab-annotation.com/documents/videos_samples/W00029.mp4?autoplay=true,223
áo đồng phục,https://minio.aiotlab-annotation.com/documents/videos_samples/W00032B.mp4?autoplay=true,224
áo phao,https://minio.aiotlab-annotation.com/documents/videos_samples/W00034.mp4?autoplay=true,225
áo phông,https://minio.aiotlab-annotation.com/documents/videos_samples/W00035B.mp4?autoplay=true,226
ăn diện,https://minio.aiotlab-annotation.com/documents/videos_samples/W00039.mp4?autoplay=true,227
ăn vặt,https://minio.aiotlab-annotation.com/documents/videos_samples/W00043.mp4?autoplay=true,228
ăn xin,https://minio.aiotlab-annotation.com/documents/videos_samples/W00044.mp4?autoplay=true,229
âm thanh,https://minio.aiotlab-annotation.com/documents/videos_samples/W00045.mp4?autoplay=true,230
ầm ĩ,https://minio.aiotlab-annotation.com/documents/videos_samples/W00048.mp4?autoplay=true,231
ẩm mốc,https://minio.aiotlab-annotation.com/documents/videos_samples/W00049.mp4?autoplay=true,232
ấm đun nước,https://minio.aiotlab-annotation.com/documents/videos_samples/W00052.mp4?autoplay=true,233
ấm trà,https://minio.aiotlab-annotation.com/documents/videos_samples/W00055.mp4?autoplay=true,234
ân hận,https://minio.aiotlab-annotation.com/documents/videos_samples/W00057B.mp4?autoplay=true,235
ấn tượng,https://minio.aiotlab-annotation.com/documents/videos_samples/W00061.mp4?autoplay=true,236
bài báo,https://minio.aiotlab-annotation.com/documents/videos_samples/W00071.mp4?autoplay=true,237
bài thơ,https://minio.aiotlab-annotation.com/documents/videos_samples/W00075B.mp4?autoplay=true,238
bãi cát,https://minio.aiotlab-annotation.com/documents/videos_samples/W00081.mp4?autoplay=true,239
bãi cỏ,https://minio.aiotlab-annotation.com/documents/videos_samples/W00082.mp4?autoplay=true,240
bãi đỗ xe (ô tô),https://minio.aiotlab-annotation.com/documents/videos_samples/W00083.mp4?autoplay=true,241
bãi tắm,https://minio.aiotlab-annotation.com/documents/videos_samples/W00084.mp4?autoplay=true,242
bàn chải đánh răng,https://minio.aiotlab-annotation.com/documents/videos_samples/W00092.mp4?autoplay=true,243
bàn chân,https://minio.aiotlab-annotation.com/documents/videos_samples/W00093.mp4?autoplay=true,244
bàn ghế,https://minio.aiotlab-annotation.com/documents/videos_samples/W00094.mp4?autoplay=true,245
bàn là,https://minio.aiotlab-annotation.com/documents/videos_samples/W00095.mp4?autoplay=true,246
bàn phím (máy vi tính),https://minio.aiotlab-annotation.com/documents/videos_samples/W00096.mp4?autoplay=true,247
bàn tay,https://minio.aiotlab-annotation.com/documents/videos_samples/W00097.mp4?autoplay=true,248
bàn tán,https://minio.aiotlab-annotation.com/documents/videos_samples/W00098.mp4?autoplay=true,249
bản nhạc,https://minio.aiotlab-annotation.com/documents/videos_samples/W00102.mp4?autoplay=true,250
bản sao (chỉ người),https://minio.aiotlab-annotation.com/documents/videos_samples/W00103.mp4?autoplay=true,251
bán hàng,https://minio.aiotlab-annotation.com/documents/videos_samples/W00107B.mp4?autoplay=true,252
bạn gái,https://minio.aiotlab-annotation.com/documents/videos_samples/W00111B.mp4?autoplay=true,253
bạn trai,https://minio.aiotlab-annotation.com/documents/videos_samples/W00112B.mp4?autoplay=true,254
bảng chỉ dẫn,https://minio.aiotlab-annotation.com/documents/videos_samples/W00116.mp4?autoplay=true,255
bảng đen,https://minio.aiotlab-annotation.com/documents/videos_samples/W00121B.mp4?autoplay=true,256
hãng máy bay,https://minio.aiotlab-annotation.com/documents/videos_samples/W00122.mp4?autoplay=true,257
hãng xe máy,https://minio.aiotlab-annotation.com/documents/videos_samples/W00125.mp4?autoplay=true,258
e thẹn,https://minio.aiotlab-annotation.com/documents/videos_samples/W01348B.mp4?autoplay=true,259
gan dạ,https://minio.aiotlab-annotation.com/documents/videos_samples/W01378N.mp4?autoplay=true,260
gạo,https://minio.aiotlab-annotation.com/documents/videos_samples/W01384B.mp4?autoplay=true,261
gặp gỡ,https://minio.aiotlab-annotation.com/documents/videos_samples/W01395.mp4?autoplay=true,262
gấp quần áo,https://minio.aiotlab-annotation.com/documents/videos_samples/W01399.mp4?autoplay=true,263
giám sát,https://minio.aiotlab-annotation.com/documents/videos_samples/W01426.mp4?autoplay=true,264
giao thông,https://minio.aiotlab-annotation.com/documents/videos_samples/W01430B.mp4?autoplay=true,265
giá trị,https://minio.aiotlab-annotation.com/documents/videos_samples/W01433B.mp4?autoplay=true,266
giải lao,https://minio.aiotlab-annotation.com/documents/videos_samples/W01437.mp4?autoplay=true,267
giải quyết,https://minio.aiotlab-annotation.com/documents/videos_samples/W01438.mp4?autoplay=true,268
giàu có,https://minio.aiotlab-annotation.com/documents/videos_samples/W01459.mp4?autoplay=true,269
giấc ngủ,https://minio.aiotlab-annotation.com/documents/videos_samples/W01462.mp4?autoplay=true,270
bảo tàng,https://minio.aiotlab-annotation.com/documents/videos_samples/W00156.mp4?autoplay=true,271
tồn tại,https://minio.aiotlab-annotation.com/documents/videos_samples/W00158.mp4?autoplay=true,272
bảo vệ môi trường,https://minio.aiotlab-annotation.com/documents/videos_samples/W00159B.mp4?autoplay=true,273
báo cáo,https://minio.aiotlab-annotation.com/documents/videos_samples/W00161.mp4?autoplay=true,274
bát,https://minio.aiotlab-annotation.com/documents/videos_samples/W00170.mp4?autoplay=true,275
băng dính,https://minio.aiotlab-annotation.com/documents/videos_samples/W00190.mp4?autoplay=true,276
bắt đền,https://minio.aiotlab-annotation.com/documents/videos_samples/W00198.mp4?autoplay=true,277
bắt giữ,https://minio.aiotlab-annotation.com/documents/videos_samples/W00199.mp4?autoplay=true,278
bắt nạt,https://minio.aiotlab-annotation.com/documents/videos_samples/W00200.mp4?autoplay=true,279
bậc thang,https://minio.aiotlab-annotation.com/documents/videos_samples/W00203.mp4?autoplay=true,280
bất hiếu,https://minio.aiotlab-annotation.com/documents/videos_samples/W00207.mp4?autoplay=true,281
bật đèn,https://minio.aiotlab-annotation.com/documents/videos_samples/W00209.mp4?autoplay=true,282
bật lửa,https://minio.aiotlab-annotation.com/documents/videos_samples/W00210.mp4?autoplay=true,283
bầu trời,https://minio.aiotlab-annotation.com/documents/videos_samples/W00212.mp4?autoplay=true,284
bẻ ngô,https://minio.aiotlab-annotation.com/documents/videos_samples/W00216B.mp4?autoplay=true,285
bé trai,https://minio.aiotlab-annotation.com/documents/videos_samples/W00220B.mp4?autoplay=true,286
bé gái,https://minio.aiotlab-annotation.com/documents/videos_samples/W00217.mp4?autoplay=true,287
béo,https://minio.aiotlab-annotation.com/documents/videos_samples/W00225.mp4?autoplay=true,288
bê tông,https://minio.aiotlab-annotation.com/documents/videos_samples/W00228.mp4?autoplay=true,289
bể bơi,https://minio.aiotlab-annotation.com/documents/videos_samples/W00230.mp4?autoplay=true,290
bể cá,https://minio.aiotlab-annotation.com/documents/videos_samples/W00231.mp4?autoplay=true,291
bệ xí,https://minio.aiotlab-annotation.com/documents/videos_samples/W00235.mp4?autoplay=true,292
bên cạnh,https://minio.aiotlab-annotation.com/documents/videos_samples/W00236.mp4?autoplay=true,293
bên dưới,https://minio.aiotlab-annotation.com/documents/videos_samples/W00237.mp4?autoplay=true,294
bên phải,https://minio.aiotlab-annotation.com/documents/videos_samples/W00238.mp4?autoplay=true,295
bên trái,https://minio.aiotlab-annotation.com/documents/videos_samples/W00239.mp4?autoplay=true,296
bên trong,https://minio.aiotlab-annotation.com/documents/videos_samples/W00241.mp4?autoplay=true,297
bệnh nhân,https://minio.aiotlab-annotation.com/documents/videos_samples/W00248.mp4?autoplay=true,298
bến xe,https://minio.aiotlab-annotation.com/documents/videos_samples/W00245.mp4?autoplay=true,299
bìa sách,https://minio.aiotlab-annotation.com/documents/videos_samples/W00254.mp4?autoplay=true,300
bìa vở,https://minio.aiotlab-annotation.com/documents/videos_samples/W00255B.mp4?autoplay=true,301
bịa đặt,https://minio.aiotlab-annotation.com/documents/videos_samples/W00256.mp4?autoplay=true,302
hóa đơn,https://minio.aiotlab-annotation.com/documents/videos_samples/W00258.mp4?autoplay=true,303
biển hiệu,https://minio.aiotlab-annotation.com/documents/videos_samples/W00261.mp4?autoplay=true,304
biện pháp,https://minio.aiotlab-annotation.com/documents/videos_samples/W00263.mp4?autoplay=true,305
biểu thị,https://minio.aiotlab-annotation.com/documents/videos_samples/W00270.mp4?autoplay=true,306
bình an,https://minio.aiotlab-annotation.com/documents/videos_samples/W00274B.mp4?autoplay=true,307
bình thường,https://minio.aiotlab-annotation.com/documents/videos_samples/W00286B.mp4?autoplay=true,308
bít tất,https://minio.aiotlab-annotation.com/documents/videos_samples/W00287.mp4?autoplay=true,309
bò,https://minio.aiotlab-annotation.com/documents/videos_samples/W00288.mp4?autoplay=true,310
bỏ hoang,https://minio.aiotlab-annotation.com/documents/videos_samples/W00292.mp4?autoplay=true,311
bỏ phiếu,https://minio.aiotlab-annotation.com/documents/videos_samples/W00293.mp4?autoplay=true,312
bỏ qua,https://minio.aiotlab-annotation.com/documents/videos_samples/W00294.mp4?autoplay=true,313
bỏ rơi,https://minio.aiotlab-annotation.com/documents/videos_samples/W00295.mp4?autoplay=true,314
bó đũa,https://minio.aiotlab-annotation.com/documents/videos_samples/W00297.mp4?autoplay=true,315
bó hoa,https://minio.aiotlab-annotation.com/documents/videos_samples/W00298.mp4?autoplay=true,316
bóc lột,https://minio.aiotlab-annotation.com/documents/videos_samples/W00299.mp4?autoplay=true,317
bón phân,https://minio.aiotlab-annotation.com/documents/videos_samples/W00304B.mp4?autoplay=true,318
bỏng,https://minio.aiotlab-annotation.com/documents/videos_samples/W00305.mp4?autoplay=true,319
bỏng ngô,https://minio.aiotlab-annotation.com/documents/videos_samples/W00306.mp4?autoplay=true,320
bóng bay,https://minio.aiotlab-annotation.com/documents/videos_samples/W00308.mp4?autoplay=true,321
bọt xà phòng,https://minio.aiotlab-annotation.com/documents/videos_samples/W00314.mp4?autoplay=true,322
bốc hơi,https://minio.aiotlab-annotation.com/documents/videos_samples/W00330.mp4?autoplay=true,323
bốc thăm,https://minio.aiotlab-annotation.com/documents/videos_samples/W00331.mp4?autoplay=true,324
bồi bàn,https://minio.aiotlab-annotation.com/documents/videos_samples/W00332.mp4?autoplay=true,325
bồi thường,https://minio.aiotlab-annotation.com/documents/videos_samples/W00333.mp4?autoplay=true,326
bồn hoa,https://minio.aiotlab-annotation.com/documents/videos_samples/W00334.mp4?autoplay=true,327
bồn rửa bát,https://minio.aiotlab-annotation.com/documents/videos_samples/W00335.mp4?autoplay=true,328
bông hoa,https://minio.aiotlab-annotation.com/documents/videos_samples/W00336B.mp4?autoplay=true,329
bốt cảnh sát,https://minio.aiotlab-annotation.com/documents/videos_samples/W00337B.mp4?autoplay=true,330
bốt điện,https://minio.aiotlab-annotation.com/documents/videos_samples/W00338B.mp4?autoplay=true,331
bột màu,https://minio.aiotlab-annotation.com/documents/videos_samples/W00341B.mp4?autoplay=true,332
bột ngọt,https://minio.aiotlab-annotation.com/documents/videos_samples/W00342N.mp4?autoplay=true,333
bờ biển,https://minio.aiotlab-annotation.com/documents/videos_samples/W00344.mp4?autoplay=true,334
bơi,https://minio.aiotlab-annotation.com/documents/videos_samples/W00347.mp4?autoplay=true,335
bơm (cái bơm),https://minio.aiotlab-annotation.com/documents/videos_samples/W00349.mp4?autoplay=true,336
bơm nước,https://minio.aiotlab-annotation.com/documents/videos_samples/W00350.mp4?autoplay=true,337
bơm xe,https://minio.aiotlab-annotation.com/documents/videos_samples/W00351.mp4?autoplay=true,338
bụi phấn,https://minio.aiotlab-annotation.com/documents/videos_samples/W00359B.mp4?autoplay=true,339
buộc dây,https://minio.aiotlab-annotation.com/documents/videos_samples/W00363.mp4?autoplay=true,340
buộc tóc,https://minio.aiotlab-annotation.com/documents/videos_samples/W00364.mp4?autoplay=true,341
buồn nôn,https://minio.aiotlab-annotation.com/documents/videos_samples/W00372.mp4?autoplay=true,342
buông màn,https://minio.aiotlab-annotation.com/documents/videos_samples/W00374B.mp4?autoplay=true,343
búp bê,https://minio.aiotlab-annotation.com/documents/videos_samples/W00378.mp4?autoplay=true,344
bút,https://minio.aiotlab-annotation.com/documents/videos_samples/W00380.mp4?autoplay=true,345
bút màu,https://minio.aiotlab-annotation.com/documents/videos_samples/W00383B.mp4?autoplay=true,346
bức tường,https://minio.aiotlab-annotation.com/documents/videos_samples/W00387.mp4?autoplay=true,347
cá kho,https://minio.aiotlab-annotation.com/documents/videos_samples/W00398B.mp4?autoplay=true,348
cãi nhau,https://minio.aiotlab-annotation.com/documents/videos_samples/W00401.mp4?autoplay=true,349
cái gương,https://minio.aiotlab-annotation.com/documents/videos_samples/W00404B.mp4?autoplay=true,350
chú ý,https://minio.aiotlab-annotation.com/documents/videos_samples/W00654.mp4?autoplay=true,351
chúc thọ,https://minio.aiotlab-annotation.com/documents/videos_samples/W00665B.mp4?autoplay=true,352
chui,https://minio.aiotlab-annotation.com/documents/videos_samples/W00669.mp4?autoplay=true,353
chùm vải,https://minio.aiotlab-annotation.com/documents/videos_samples/W00677.mp4?autoplay=true,354
chuông,https://minio.aiotlab-annotation.com/documents/videos_samples/W00683.mp4?autoplay=true,355
chuyên cần,https://minio.aiotlab-annotation.com/documents/videos_samples/W00690.mp4?autoplay=true,356
chuyên gia,https://minio.aiotlab-annotation.com/documents/videos_samples/W00691B.mp4?autoplay=true,357
chuyền bóng,https://minio.aiotlab-annotation.com/documents/videos_samples/W00692.mp4?autoplay=true,358
chuyển giao,https://minio.aiotlab-annotation.com/documents/videos_samples/W00700.mp4?autoplay=true,359
chuyển hướng,https://minio.aiotlab-annotation.com/documents/videos_samples/W00701.mp4?autoplay=true,360
chữ hoa,https://minio.aiotlab-annotation.com/documents/videos_samples/W00706.mp4?autoplay=true,361
chữa cháy,https://minio.aiotlab-annotation.com/documents/videos_samples/W00709.mp4?autoplay=true,362
chứng kiến,https://minio.aiotlab-annotation.com/documents/videos_samples/W00712.mp4?autoplay=true,363
chương trình,https://minio.aiotlab-annotation.com/documents/videos_samples/W00713.mp4?autoplay=true,364
chức vụ,https://minio.aiotlab-annotation.com/documents/videos_samples/W00717.mp4?autoplay=true,365
cầu vượt,https://minio.aiotlab-annotation.com/documents/videos_samples/W00455.mp4?autoplay=true,366
chai nước,https://minio.aiotlab-annotation.com/documents/videos_samples/W00486.mp4?autoplay=true,367
chào,https://minio.aiotlab-annotation.com/documents/videos_samples/W00489.mp4?autoplay=true,368
chào mừng,https://minio.aiotlab-annotation.com/documents/videos_samples/W00492.mp4?autoplay=true,369
cháu gái,https://minio.aiotlab-annotation.com/documents/videos_samples/W00495B.mp4?autoplay=true,370
cháu ngoại,https://minio.aiotlab-annotation.com/documents/videos_samples/W00496B.mp4?autoplay=true,371
cháu nội,https://minio.aiotlab-annotation.com/documents/videos_samples/W00497B.mp4?autoplay=true,372
cháu trai,https://minio.aiotlab-annotation.com/documents/videos_samples/W00498B.mp4?autoplay=true,373
chăm học,https://minio.aiotlab-annotation.com/documents/videos_samples/W00507.mp4?autoplay=true,374
chăm sóc sức khỏe,https://minio.aiotlab-annotation.com/documents/videos_samples/W00508B.mp4?autoplay=true,375
chặn,https://minio.aiotlab-annotation.com/documents/videos_samples/W00512.mp4?autoplay=true,376
chặt chẽ,https://minio.aiotlab-annotation.com/documents/videos_samples/W00514.mp4?autoplay=true,377
châm cứu,https://minio.aiotlab-annotation.com/documents/videos_samples/W00516B.mp4?autoplay=true,378
chấm dứt,https://minio.aiotlab-annotation.com/documents/videos_samples/W00519.mp4?autoplay=true,379
chấm điểm,https://minio.aiotlab-annotation.com/documents/videos_samples/W00520.mp4?autoplay=true,380
chân dung,https://minio.aiotlab-annotation.com/documents/videos_samples/W00522.mp4?autoplay=true,381
chất thải,https://minio.aiotlab-annotation.com/documents/videos_samples/W00539.mp4?autoplay=true,382
chậu,https://minio.aiotlab-annotation.com/documents/videos_samples/W00545.mp4?autoplay=true,383
chèn ép,https://minio.aiotlab-annotation.com/documents/videos_samples/W00552.mp4?autoplay=true,384
chép bài,https://minio.aiotlab-annotation.com/documents/videos_samples/W00555.mp4?autoplay=true,385
khó tiêu,https://minio.aiotlab-annotation.com/documents/videos_samples/W00562.mp4?autoplay=true,386
chi tiết,https://minio.aiotlab-annotation.com/documents/videos_samples/W00563.mp4?autoplay=true,387
chỉ,https://minio.aiotlab-annotation.com/documents/videos_samples/W00564.mp4?autoplay=true,388
chỉ dẫn,https://minio.aiotlab-annotation.com/documents/videos_samples/W00565.mp4?autoplay=true,389
chia tay,https://minio.aiotlab-annotation.com/documents/videos_samples/W00582.mp4?autoplay=true,390
chia sẻ,https://minio.aiotlab-annotation.com/documents/videos_samples/W00581.mp4?autoplay=true,391
chiếu,https://minio.aiotlab-annotation.com/documents/videos_samples/W00598.mp4?autoplay=true,392
chiếu phim,https://minio.aiotlab-annotation.com/documents/videos_samples/W00599.mp4?autoplay=true,393
chỉnh sửa,https://minio.aiotlab-annotation.com/documents/videos_samples/W00615.mp4?autoplay=true,394
chọn lọc,https://minio.aiotlab-annotation.com/documents/videos_samples/W00628.mp4?autoplay=true,395
chọn lựa,https://minio.aiotlab-annotation.com/documents/videos_samples/W00629.mp4?autoplay=true,396
chống đối,https://minio.aiotlab-annotation.com/documents/videos_samples/W00633B.mp4?autoplay=true,397
chớp mắt,https://minio.aiotlab-annotation.com/documents/videos_samples/W00640.mp4?autoplay=true,398
chủ đề,https://minio.aiotlab-annotation.com/documents/videos_samples/W00642.mp4?autoplay=true,399
thích nghi,https://minio.aiotlab-annotation.com/documents/videos_samples/W00653.mp4?autoplay=true,400
Ma Cao,https://minio.aiotlab-annotation.com/documents/videos_samples/D0006.mp4?autoplay=true,401
ai cho,https://minio.aiotlab-annotation.com/documents/videos_samples/D0032.mp4?autoplay=true,402
mù chữ,https://minio.aiotlab-annotation.com/documents/videos_samples/D0038.mp4?autoplay=true,403
hú vía,https://minio.aiotlab-annotation.com/documents/videos_samples/D0070.mp4?autoplay=true,404
cá voi,https://minio.aiotlab-annotation.com/documents/videos_samples/D0073.mp4?autoplay=true,405
súp lơ,https://minio.aiotlab-annotation.com/documents/videos_samples/D0079.mp4?autoplay=true,406
bún ốc,https://minio.aiotlab-annotation.com/documents/videos_samples/D0086.mp4?autoplay=true,407
xôi gà,https://minio.aiotlab-annotation.com/documents/videos_samples/D0089.mp4?autoplay=true,408
rực rỡ,https://minio.aiotlab-annotation.com/documents/videos_samples/D0107.mp4?autoplay=true,409
xử lý,https://minio.aiotlab-annotation.com/documents/videos_samples/D0115.mp4?autoplay=true,410
một là,https://minio.aiotlab-annotation.com/documents/videos_samples/D0146.mp4?autoplay=true,411
hai là,https://minio.aiotlab-annotation.com/documents/videos_samples/D0147.mp4?autoplay=true,412
ba là,https://minio.aiotlab-annotation.com/documents/videos_samples/D0148.mp4?autoplay=true,413
bốn là,https://minio.aiotlab-annotation.com/documents/videos_samples/D0149.mp4?autoplay=true,414
năm là,https://minio.aiotlab-annotation.com/documents/videos_samples/D0150.mp4?autoplay=true,415
chị họ,https://minio.aiotlab-annotation.com/documents/videos_samples/D0152B.mp4?autoplay=true,416
em họ,https://minio.aiotlab-annotation.com/documents/videos_samples/D0153B.mp4?autoplay=true,417
đi dạo,https://minio.aiotlab-annotation.com/documents/videos_samples/D0157B.mp4?autoplay=true,418
sa mạc,https://minio.aiotlab-annotation.com/documents/videos_samples/D0191.mp4?autoplay=true,419
xem đã,https://minio.aiotlab-annotation.com/documents/videos_samples/D0196.mp4?autoplay=true,420
sụp đổ,https://minio.aiotlab-annotation.com/documents/videos_samples/D0205.mp4?autoplay=true,421
tận số,https://minio.aiotlab-annotation.com/documents/videos_samples/D0221.mp4?autoplay=true,422
vỗ về,https://minio.aiotlab-annotation.com/documents/videos_samples/D0235.mp4?autoplay=true,423
đại sứ,https://minio.aiotlab-annotation.com/documents/videos_samples/D0253.mp4?autoplay=true,424
dự án,https://minio.aiotlab-annotation.com/documents/videos_samples/D0259.mp4?autoplay=true,425
đầu tư,https://minio.aiotlab-annotation.com/documents/videos_samples/D0260.mp4?autoplay=true,426
năn nỉ,https://minio.aiotlab-annotation.com/documents/videos_samples/D0261.mp4?autoplay=true,427
tải về,https://minio.aiotlab-annotation.com/documents/videos_samples/D0264.mp4?autoplay=true,428
kéo co,https://minio.aiotlab-annotation.com/documents/videos_samples/D0294.mp4?autoplay=true,429
lý do,https://minio.aiotlab-annotation.com/documents/videos_samples/D0296.mp4?autoplay=true,430
tự hào,https://minio.aiotlab-annotation.com/documents/videos_samples/D0333.mp4?autoplay=true,431
ăn bám,https://minio.aiotlab-annotation.com/documents/videos_samples/D0338.mp4?autoplay=true,432
trà đá,https://minio.aiotlab-annotation.com/documents/videos_samples/D0403.mp4?autoplay=true,433
Socola,https://minio.aiotlab-annotation.com/documents/videos_samples/D0406.mp4?autoplay=true,434
ăn đủ,https://minio.aiotlab-annotation.com/documents/videos_samples/D0440.mp4?autoplay=true,435
ăn vừa,https://minio.aiotlab-annotation.com/documents/videos_samples/D0441.mp4?autoplay=true,436
ăn ít,https://minio.aiotlab-annotation.com/documents/videos_samples/D0442.mp4?autoplay=true,437
cây cọ,https://minio.aiotlab-annotation.com/documents/videos_samples/D0473.mp4?autoplay=true,438
ăn cóc,https://minio.aiotlab-annotation.com/documents/videos_samples/D0600.mp4?autoplay=true,439
ác cảm,https://minio.aiotlab-annotation.com/documents/videos_samples/W00001.mp4?autoplay=true,440
anh em,https://minio.aiotlab-annotation.com/documents/videos_samples/W00013B.mp4?autoplay=true,441
anh họ,https://minio.aiotlab-annotation.com/documents/videos_samples/W00014N.mp4?autoplay=true,442
anh rể,https://minio.aiotlab-annotation.com/documents/videos_samples/W00018B.mp4?autoplay=true,443
anh vợ,https://minio.aiotlab-annotation.com/documents/videos_samples/W00020.mp4?autoplay=true,444
áo len,https://minio.aiotlab-annotation.com/documents/videos_samples/W00033.mp4?autoplay=true,445
ấm no,https://minio.aiotlab-annotation.com/documents/videos_samples/W00053.mp4?autoplay=true,446
Âu Cơ,https://minio.aiotlab-annotation.com/documents/videos_samples/W00062.mp4?autoplay=true,447
Bà Nà,https://minio.aiotlab-annotation.com/documents/videos_samples/W00067.mp4?autoplay=true,448
bản lề,https://minio.aiotlab-annotation.com/documents/videos_samples/W00101.mp4?autoplay=true,449
bao la,https://minio.aiotlab-annotation.com/documents/videos_samples/W00146.mp4?autoplay=true,450
Bắc bộ,https://minio.aiotlab-annotation.com/documents/videos_samples/W00181.mp4?autoplay=true,451
bắn bi,https://minio.aiotlab-annotation.com/documents/videos_samples/W00186B.mp4?autoplay=true,452
bé hơn,https://minio.aiotlab-annotation.com/documents/videos_samples/W00218.mp4?autoplay=true,453
bế em,https://minio.aiotlab-annotation.com/documents/videos_samples/W00232.mp4?autoplay=true,454
bệ hạ,https://minio.aiotlab-annotation.com/documents/videos_samples/W00234B.mp4?autoplay=true,455
bí ngô,https://minio.aiotlab-annotation.com/documents/videos_samples/W00252.mp4?autoplay=true,456
bò sát,https://minio.aiotlab-annotation.com/documents/videos_samples/W00289.mp4?autoplay=true,457
bò tót,https://minio.aiotlab-annotation.com/documents/videos_samples/W00290.mp4?autoplay=true,458
bồ kết,https://minio.aiotlab-annotation.com/documents/videos_samples/W00315.mp4?autoplay=true,459
bổ ích,https://minio.aiotlab-annotation.com/documents/videos_samples/W00316.mp4?autoplay=true,460
bổ ngữ,https://minio.aiotlab-annotation.com/documents/videos_samples/W00317.mp4?autoplay=true,461
bổ trợ,https://minio.aiotlab-annotation.com/documents/videos_samples/W00318.mp4?autoplay=true,462
bố trí,https://minio.aiotlab-annotation.com/documents/videos_samples/W00320.mp4?autoplay=true,463
bố mẹ,https://minio.aiotlab-annotation.com/documents/videos_samples/W00327.mp4?autoplay=true,464
bộ đội,https://minio.aiotlab-annotation.com/documents/videos_samples/W00328B.mp4?autoplay=true,465
bờ rào,https://minio.aiotlab-annotation.com/documents/videos_samples/W00345.mp4?autoplay=true,466
bớt đi,https://minio.aiotlab-annotation.com/documents/videos_samples/W00354.mp4?autoplay=true,467
bút bi,https://minio.aiotlab-annotation.com/documents/videos_samples/W00381.mp4?autoplay=true,468
bút dạ,https://minio.aiotlab-annotation.com/documents/videos_samples/W00382.mp4?autoplay=true,469
bưu tá,https://minio.aiotlab-annotation.com/documents/videos_samples/W00393.mp4?autoplay=true,470
ca nô,https://minio.aiotlab-annotation.com/documents/videos_samples/W00396.mp4?autoplay=true,471
Cà Mau,https://minio.aiotlab-annotation.com/documents/videos_samples/W00397.mp4?autoplay=true,472
cái bè,https://minio.aiotlab-annotation.com/documents/videos_samples/W00402.mp4?autoplay=true,473
cao độ,https://minio.aiotlab-annotation.com/documents/videos_samples/W00418.mp4?autoplay=true,474
cau có,https://minio.aiotlab-annotation.com/documents/videos_samples/W00425.mp4?autoplay=true,475
câu cá,https://minio.aiotlab-annotation.com/documents/videos_samples/W00438.mp4?autoplay=true,476
câu đố,https://minio.aiotlab-annotation.com/documents/videos_samples/W00440.mp4?autoplay=true,477
cầu kì,https://minio.aiotlab-annotation.com/documents/videos_samples/W00449.mp4?autoplay=true,478
cây đa,https://minio.aiotlab-annotation.com/documents/videos_samples/W00462.mp4?autoplay=true,479
cây gỗ,https://minio.aiotlab-annotation.com/documents/videos_samples/W00464.mp4?autoplay=true,480
cây sả,https://minio.aiotlab-annotation.com/documents/videos_samples/W00471.mp4?autoplay=true,481
cây số,https://minio.aiotlab-annotation.com/documents/videos_samples/W00473.mp4?autoplay=true,482
chả cá,https://minio.aiotlab-annotation.com/documents/videos_samples/W00484B.mp4?autoplay=true,483
chiêng,https://minio.aiotlab-annotation.com/documents/videos_samples/W00593.mp4?autoplay=true,484
cá mập,https://minio.aiotlab-annotation.com/documents/videos_samples/W00601.mp4?autoplay=true,485
chó xù,https://minio.aiotlab-annotation.com/documents/videos_samples/W00624.mp4?autoplay=true,486
chu vi,https://minio.aiotlab-annotation.com/documents/videos_samples/W00641.mp4?autoplay=true,487
chú hề,https://minio.aiotlab-annotation.com/documents/videos_samples/W00650.mp4?autoplay=true,488
chú rể,https://minio.aiotlab-annotation.com/documents/videos_samples/W00651.mp4?autoplay=true,489
chuồng,https://minio.aiotlab-annotation.com/documents/videos_samples/W00685.mp4?autoplay=true,490
co dãn,https://minio.aiotlab-annotation.com/documents/videos_samples/W00721.mp4?autoplay=true,491
cỏ may,https://minio.aiotlab-annotation.com/documents/videos_samples/W00724.mp4?autoplay=true,492
có ích,https://minio.aiotlab-annotation.com/documents/videos_samples/W00726.mp4?autoplay=true,493
con bê,https://minio.aiotlab-annotation.com/documents/videos_samples/W00734B.mp4?autoplay=true,494
con bò,https://minio.aiotlab-annotation.com/documents/videos_samples/W00735B.mp4?autoplay=true,495
con cò,https://minio.aiotlab-annotation.com/documents/videos_samples/W00745.mp4?autoplay=true,496
con dê,https://minio.aiotlab-annotation.com/documents/videos_samples/W00753.mp4?autoplay=true,497
con dế,https://minio.aiotlab-annotation.com/documents/videos_samples/W00754.mp4?autoplay=true,498
con đẻ,https://minio.aiotlab-annotation.com/documents/videos_samples/W00755.mp4?autoplay=true,499
con gà,https://minio.aiotlab-annotation.com/documents/videos_samples/W00759.mp4?autoplay=true,500
con ốc,https://minio.aiotlab-annotation.com/documents/videos_samples/W00782.mp4?autoplay=true,501
con sò,https://minio.aiotlab-annotation.com/documents/videos_samples/W00789.mp4?autoplay=true,502
con số,https://minio.aiotlab-annotation.com/documents/videos_samples/W00793.mp4?autoplay=true,503
cô dâu,https://minio.aiotlab-annotation.com/documents/videos_samples/W00809.mp4?autoplay=true,504
cô đơn,https://minio.aiotlab-annotation.com/documents/videos_samples/W00811.mp4?autoplay=true,505
cổ áo,https://minio.aiotlab-annotation.com/documents/videos_samples/W00815.mp4?autoplay=true,506
cổ đại,https://minio.aiotlab-annotation.com/documents/videos_samples/W00817.mp4?autoplay=true,507
cổ tay,https://minio.aiotlab-annotation.com/documents/videos_samples/W00822.mp4?autoplay=true,508
cổ vũ,https://minio.aiotlab-annotation.com/documents/videos_samples/W00824.mp4?autoplay=true,509
Paris,https://minio.aiotlab-annotation.com/documents/videos_samples/W00852.mp4?autoplay=true,510
cốp xe,https://minio.aiotlab-annotation.com/documents/videos_samples/W00859.mp4?autoplay=true,511
cơ bắp,https://minio.aiotlab-annotation.com/documents/videos_samples/W00867.mp4?autoplay=true,512
cơ sở,https://minio.aiotlab-annotation.com/documents/videos_samples/W00871.mp4?autoplay=true,513
cơ thể,https://minio.aiotlab-annotation.com/documents/videos_samples/W00872.mp4?autoplay=true,514
cờ vua,https://minio.aiotlab-annotation.com/documents/videos_samples/W00882.mp4?autoplay=true,515
cởi mở,https://minio.aiotlab-annotation.com/documents/videos_samples/W00883.mp4?autoplay=true,516
củ đậu,https://minio.aiotlab-annotation.com/documents/videos_samples/W00889.mp4?autoplay=true,517
củ từ,https://minio.aiotlab-annotation.com/documents/videos_samples/W00892.mp4?autoplay=true,518
cụ thể,https://minio.aiotlab-annotation.com/documents/videos_samples/W00893.mp4?autoplay=true,519
cúc áo,https://minio.aiotlab-annotation.com/documents/videos_samples/W00894.mp4?autoplay=true,520
củ sả,https://minio.aiotlab-annotation.com/documents/videos_samples/W00909.mp4?autoplay=true,521
cụ đồ,https://minio.aiotlab-annotation.com/documents/videos_samples/W00911.mp4?autoplay=true,522
cụ già,https://minio.aiotlab-annotation.com/documents/videos_samples/W00912.mp4?autoplay=true,523
cụm từ,https://minio.aiotlab-annotation.com/documents/videos_samples/W00918.mp4?autoplay=true,524
cứu hộ,https://minio.aiotlab-annotation.com/documents/videos_samples/W00948.mp4?autoplay=true,525
dãy số,https://minio.aiotlab-annotation.com/documents/videos_samples/W00977.mp4?autoplay=true,526
dặn dò,https://minio.aiotlab-annotation.com/documents/videos_samples/W00980.mp4?autoplay=true,527
dân ca,https://minio.aiotlab-annotation.com/documents/videos_samples/W00982.mp4?autoplay=true,528
dân số,https://minio.aiotlab-annotation.com/documents/videos_samples/W00987.mp4?autoplay=true,529
dầu mỏ,https://minio.aiotlab-annotation.com/documents/videos_samples/W00997.mp4?autoplay=true,530
dê con,https://minio.aiotlab-annotation.com/documents/videos_samples/W01024.mp4?autoplay=true,531
dê mẹ,https://minio.aiotlab-annotation.com/documents/videos_samples/W01025.mp4?autoplay=true,532
du học,https://minio.aiotlab-annotation.com/documents/videos_samples/W01062.mp4?autoplay=true,533
đại số,https://minio.aiotlab-annotation.com/documents/videos_samples/W01085.mp4?autoplay=true,534
đại tá,https://minio.aiotlab-annotation.com/documents/videos_samples/W01086.mp4?autoplay=true,535
đại úy,https://minio.aiotlab-annotation.com/documents/videos_samples/W01089.mp4?autoplay=true,536
đám ma,https://minio.aiotlab-annotation.com/documents/videos_samples/W01093.mp4?autoplay=true,537
đắt đỏ,https://minio.aiotlab-annotation.com/documents/videos_samples/W01131.mp4?autoplay=true,538
đầy đủ,https://minio.aiotlab-annotation.com/documents/videos_samples/W01150.mp4?autoplay=true,539
đầy tớ,https://minio.aiotlab-annotation.com/documents/videos_samples/W01151.mp4?autoplay=true,540
đèn đỏ,https://minio.aiotlab-annotation.com/documents/videos_samples/W01156.mp4?autoplay=true,541
đề tài,https://minio.aiotlab-annotation.com/documents/videos_samples/W01179.mp4?autoplay=true,542
địa lí,https://minio.aiotlab-annotation.com/documents/videos_samples/W01199.mp4?autoplay=true,543
đô thị,https://minio.aiotlab-annotation.com/documents/videos_samples/W01248.mp4?autoplay=true,544
đối xử,https://minio.aiotlab-annotation.com/documents/videos_samples/W01280.mp4?autoplay=true,545
em dâu,https://minio.aiotlab-annotation.com/documents/videos_samples/W01349.mp4?autoplay=true,546
em gái,https://minio.aiotlab-annotation.com/documents/videos_samples/W01350.mp4?autoplay=true,547
em rể,https://minio.aiotlab-annotation.com/documents/videos_samples/W01351B.mp4?autoplay=true,548
em út,https://minio.aiotlab-annotation.com/documents/videos_samples/W01353.mp4?autoplay=true,549
email,https://minio.aiotlab-annotation.com/documents/videos_samples/W01354.mp4?autoplay=true,550
ga tàu,https://minio.aiotlab-annotation.com/documents/videos_samples/W01364B.mp4?autoplay=true,551
gà mái,https://minio.aiotlab-annotation.com/documents/videos_samples/W01365N.mp4?autoplay=true,552
gà tây,https://minio.aiotlab-annotation.com/documents/videos_samples/W01367.mp4?autoplay=true,553
gan lì,https://minio.aiotlab-annotation.com/documents/videos_samples/W01379.mp4?autoplay=true,554
gặm cỏ,https://minio.aiotlab-annotation.com/documents/videos_samples/W01390.mp4?autoplay=true,555
gắn bó,https://minio.aiotlab-annotation.com/documents/videos_samples/W01392.mp4?autoplay=true,556
gật gù,https://minio.aiotlab-annotation.com/documents/videos_samples/W01401.mp4?autoplay=true,557
giả sử,https://minio.aiotlab-annotation.com/documents/videos_samples/W01419.mp4?autoplay=true,558
giường,https://minio.aiotlab-annotation.com/documents/videos_samples/W01498.mp4?autoplay=true,559
góc tù,https://minio.aiotlab-annotation.com/documents/videos_samples/W01506.mp4?autoplay=true,560
góp ý,https://minio.aiotlab-annotation.com/documents/videos_samples/W01513.mp4?autoplay=true,561
gốm sứ,https://minio.aiotlab-annotation.com/documents/videos_samples/W01517.mp4?autoplay=true,562
gợi ý,https://minio.aiotlab-annotation.com/documents/videos_samples/W01518.mp4?autoplay=true,563
gương,https://minio.aiotlab-annotation.com/documents/videos_samples/W01523.mp4?autoplay=true,564
hát ru,https://minio.aiotlab-annotation.com/documents/videos_samples/W01560.mp4?autoplay=true,565
họa sỹ,https://minio.aiotlab-annotation.com/documents/videos_samples/W01638.mp4?autoplay=true,566
hòn đá,https://minio.aiotlab-annotation.com/documents/videos_samples/W01661.mp4?autoplay=true,567
hồ dán,https://minio.aiotlab-annotation.com/documents/videos_samples/W01682.mp4?autoplay=true,568
hối lộ,https://minio.aiotlab-annotation.com/documents/videos_samples/W01693.mp4?autoplay=true,569
hỗn số,https://minio.aiotlab-annotation.com/documents/videos_samples/W01701.mp4?autoplay=true,570
hợp lí,https://minio.aiotlab-annotation.com/documents/videos_samples/W01708.mp4?autoplay=true,571
huyện,https://minio.aiotlab-annotation.com/documents/videos_samples/W01721B.mp4?autoplay=true,572
ít hơn,https://minio.aiotlab-annotation.com/documents/videos_samples/W01731.mp4?autoplay=true,573
kẻ cắp,https://minio.aiotlab-annotation.com/documents/videos_samples/W01734.mp4?autoplay=true,574
kẻ thù,https://minio.aiotlab-annotation.com/documents/videos_samples/W01737.mp4?autoplay=true,575
khách,https://minio.aiotlab-annotation.com/documents/videos_samples/W01758.mp4?autoplay=true,576
khiêng,https://minio.aiotlab-annotation.com/documents/videos_samples/W01800.mp4?autoplay=true,577
khoan,https://minio.aiotlab-annotation.com/documents/videos_samples/W01815.mp4?autoplay=true,578
kì lạ,https://minio.aiotlab-annotation.com/documents/videos_samples/W01862.mp4?autoplay=true,579
kí tên,https://minio.aiotlab-annotation.com/documents/videos_samples/W01872B.mp4?autoplay=true,580
la bàn,https://minio.aiotlab-annotation.com/documents/videos_samples/W01909.mp4?autoplay=true,581
la hét,https://minio.aiotlab-annotation.com/documents/videos_samples/W01910.mp4?autoplay=true,582
lá cây,https://minio.aiotlab-annotation.com/documents/videos_samples/W01912B.mp4?autoplay=true,583
lá thư,https://minio.aiotlab-annotation.com/documents/videos_samples/W01913.mp4?autoplay=true,584
lễ hội,https://minio.aiotlab-annotation.com/documents/videos_samples/W01978B.mp4?autoplay=true,585
lễ vật,https://minio.aiotlab-annotation.com/documents/videos_samples/W01984.mp4?autoplay=true,586
lên xe,https://minio.aiotlab-annotation.com/documents/videos_samples/W01989.mp4?autoplay=true,587
lí do,https://minio.aiotlab-annotation.com/documents/videos_samples/W01992.mp4?autoplay=true,588
lo sợ,https://minio.aiotlab-annotation.com/documents/videos_samples/W02016.mp4?autoplay=true,589
lò xo,https://minio.aiotlab-annotation.com/documents/videos_samples/W02018.mp4?autoplay=true,590
lọ hoa,https://minio.aiotlab-annotation.com/documents/videos_samples/W02019.mp4?autoplay=true,591
lọ mực,https://minio.aiotlab-annotation.com/documents/videos_samples/W02020.mp4?autoplay=true,592
lối đi,https://minio.aiotlab-annotation.com/documents/videos_samples/W02037.mp4?autoplay=true,593
dự trữ,https://minio.aiotlab-annotation.com/documents/videos_samples/W02097.mp4?autoplay=true,594
lưu ý,https://minio.aiotlab-annotation.com/documents/videos_samples/W02098.mp4?autoplay=true,595
ma quỷ,https://minio.aiotlab-annotation.com/documents/videos_samples/W02106.mp4?autoplay=true,596
ma sát,https://minio.aiotlab-annotation.com/documents/videos_samples/W02107.mp4?autoplay=true,597
ma túy,https://minio.aiotlab-annotation.com/documents/videos_samples/W02108.mp4?autoplay=true,598
màu đỏ,https://minio.aiotlab-annotation.com/documents/videos_samples/W02134.mp4?autoplay=true,599
máy in,https://minio.aiotlab-annotation.com/documents/videos_samples/W02148B.mp4?autoplay=true,600
địa chỉ,https://minio.aiotlab-annotation.com/documents/videos_samples/D0001B.mp4?autoplay=true,601
Do Thái,https://minio.aiotlab-annotation.com/documents/videos_samples/D0007.mp4?autoplay=true,602
Tuy Hoà,https://minio.aiotlab-annotation.com/documents/videos_samples/D0015.mp4?autoplay=true,603
hấp dẫn,https://minio.aiotlab-annotation.com/documents/videos_samples/D0017.mp4?autoplay=true,604
ghen tị,https://minio.aiotlab-annotation.com/documents/videos_samples/D0019B.mp4?autoplay=true,605
hói đầu,https://minio.aiotlab-annotation.com/documents/videos_samples/D0021.mp4?autoplay=true,606
tham ăn,https://minio.aiotlab-annotation.com/documents/videos_samples/D0024B.mp4?autoplay=true,607
tự giác,https://minio.aiotlab-annotation.com/documents/videos_samples/D0037.mp4?autoplay=true,608
vô tình,https://minio.aiotlab-annotation.com/documents/videos_samples/D0039.mp4?autoplay=true,609
bối rối,https://minio.aiotlab-annotation.com/documents/videos_samples/D0069.mp4?autoplay=true,610
cá kiếm,https://minio.aiotlab-annotation.com/documents/videos_samples/D0074.mp4?autoplay=true,611
đuôi cá,https://minio.aiotlab-annotation.com/documents/videos_samples/D0075.mp4?autoplay=true,612
bún mắm,https://minio.aiotlab-annotation.com/documents/videos_samples/D0083.mp4?autoplay=true,613
bún chả,https://minio.aiotlab-annotation.com/documents/videos_samples/D0084.mp4?autoplay=true,614
bún đậu,https://minio.aiotlab-annotation.com/documents/videos_samples/D0087B.mp4?autoplay=true,615
xôi gấc,https://minio.aiotlab-annotation.com/documents/videos_samples/D0088.mp4?autoplay=true,616
kỹ năng,https://minio.aiotlab-annotation.com/documents/videos_samples/D0097.mp4?autoplay=true,617
khờ dại,https://minio.aiotlab-annotation.com/documents/videos_samples/D0100.mp4?autoplay=true,618
cực khổ,https://minio.aiotlab-annotation.com/documents/videos_samples/D0101.mp4?autoplay=true,619
may mắn,https://minio.aiotlab-annotation.com/documents/videos_samples/D0102.mp4?autoplay=true,620
xoa đầu,https://minio.aiotlab-annotation.com/documents/videos_samples/D0105.mp4?autoplay=true,621
dân chủ,https://minio.aiotlab-annotation.com/documents/videos_samples/D0114.mp4?autoplay=true,622
căm thù,https://minio.aiotlab-annotation.com/documents/videos_samples/D0127.mp4?autoplay=true,623
cháu họ,https://minio.aiotlab-annotation.com/documents/videos_samples/D0154B.mp4?autoplay=true,624
núi cao,https://minio.aiotlab-annotation.com/documents/videos_samples/D0193.mp4?autoplay=true,625
má hồng,https://minio.aiotlab-annotation.com/documents/videos_samples/D0200.mp4?autoplay=true,626
dám làm,https://minio.aiotlab-annotation.com/documents/videos_samples/D0209B.mp4?autoplay=true,627
ung thư,https://minio.aiotlab-annotation.com/documents/videos_samples/D0213B.mp4?autoplay=true,628
mũi tên,https://minio.aiotlab-annotation.com/documents/videos_samples/D0219.mp4?autoplay=true,629
chó cắn,https://minio.aiotlab-annotation.com/documents/videos_samples/D0229.mp4?autoplay=true,630
mèo cào,https://minio.aiotlab-annotation.com/documents/videos_samples/D0230.mp4?autoplay=true,631
đi tuần,https://minio.aiotlab-annotation.com/documents/videos_samples/D0234.mp4?autoplay=true,632
cái gùi,https://minio.aiotlab-annotation.com/documents/videos_samples/D0239.mp4?autoplay=true,633
hùng vĩ,https://minio.aiotlab-annotation.com/documents/videos_samples/D0240.mp4?autoplay=true,634
chia ba,https://minio.aiotlab-annotation.com/documents/videos_samples/D0250B.mp4?autoplay=true,635
ăn vụng,https://minio.aiotlab-annotation.com/documents/videos_samples/D0257.mp4?autoplay=true,636
háo hức,https://minio.aiotlab-annotation.com/documents/videos_samples/D0262.mp4?autoplay=true,637
rắc rối,https://minio.aiotlab-annotation.com/documents/videos_samples/D0263.mp4?autoplay=true,638
đen đủi,https://minio.aiotlab-annotation.com/documents/videos_samples/D0267B.mp4?autoplay=true,639
xui xẻo,https://minio.aiotlab-annotation.com/documents/videos_samples/D0268N.mp4?autoplay=true,640
nhổ tóc,https://minio.aiotlab-annotation.com/documents/videos_samples/D0273.mp4?autoplay=true,641
nhổ râu,https://minio.aiotlab-annotation.com/documents/videos_samples/D0274.mp4?autoplay=true,642
răng hô,https://minio.aiotlab-annotation.com/documents/videos_samples/D0278.mp4?autoplay=true,643
mọc tóc,https://minio.aiotlab-annotation.com/documents/videos_samples/D0281.mp4?autoplay=true,644
mọc râu,https://minio.aiotlab-annotation.com/documents/videos_samples/D0282.mp4?autoplay=true,645
cách ly,https://minio.aiotlab-annotation.com/documents/videos_samples/D0286.mp4?autoplay=true,646
ria mép,https://minio.aiotlab-annotation.com/documents/videos_samples/D0289.mp4?autoplay=true,647
tiến bộ,https://minio.aiotlab-annotation.com/documents/videos_samples/D0315.mp4?autoplay=true,648
máy xúc,https://minio.aiotlab-annotation.com/documents/videos_samples/D0318.mp4?autoplay=true,649
đùm bọc,https://minio.aiotlab-annotation.com/documents/videos_samples/D0324.mp4?autoplay=true,650
vải lụa,https://minio.aiotlab-annotation.com/documents/videos_samples/D0326B.mp4?autoplay=true,651
lượt đi,https://minio.aiotlab-annotation.com/documents/videos_samples/D0327.mp4?autoplay=true,652
chia rẽ,https://minio.aiotlab-annotation.com/documents/videos_samples/D0335.mp4?autoplay=true,653
lấm lem,https://minio.aiotlab-annotation.com/documents/videos_samples/D0341.mp4?autoplay=true,654
năm tới,https://minio.aiotlab-annotation.com/documents/videos_samples/D0349.mp4?autoplay=true,655
cả ngày,https://minio.aiotlab-annotation.com/documents/videos_samples/D0372.mp4?autoplay=true,656
gỏi/nộm,https://minio.aiotlab-annotation.com/documents/videos_samples/D0378.mp4?autoplay=true,657
nhà kho,https://minio.aiotlab-annotation.com/documents/videos_samples/D0379.mp4?autoplay=true,658
tôm hùm,https://minio.aiotlab-annotation.com/documents/videos_samples/D0385.mp4?autoplay=true,659
con hàu,https://minio.aiotlab-annotation.com/documents/videos_samples/D0387.mp4?autoplay=true,660
hải sản,https://minio.aiotlab-annotation.com/documents/videos_samples/D0388.mp4?autoplay=true,661
trà sữa,https://minio.aiotlab-annotation.com/documents/videos_samples/D0405.mp4?autoplay=true,662
rửa mặt,https://minio.aiotlab-annotation.com/documents/videos_samples/D0413.mp4?autoplay=true,663
đôi/cặp,https://minio.aiotlab-annotation.com/documents/videos_samples/D0424.mp4?autoplay=true,664
mũm mĩm,https://minio.aiotlab-annotation.com/documents/videos_samples/D0427.mp4?autoplay=true,665
tóc dài,https://minio.aiotlab-annotation.com/documents/videos_samples/D0428.mp4?autoplay=true,666
cây nến,https://minio.aiotlab-annotation.com/documents/videos_samples/D0435.mp4?autoplay=true,667
đua đòi,https://minio.aiotlab-annotation.com/documents/videos_samples/D0460.mp4?autoplay=true,668
đòi hỏi,https://minio.aiotlab-annotation.com/documents/videos_samples/D0463.mp4?autoplay=true,669
hoa hậu,https://minio.aiotlab-annotation.com/documents/videos_samples/D0467.mp4?autoplay=true,670
cái neo,https://minio.aiotlab-annotation.com/documents/videos_samples/D0468.mp4?autoplay=true,671
chõ xôi,https://minio.aiotlab-annotation.com/documents/videos_samples/D0472.mp4?autoplay=true,672
hoa mai,https://minio.aiotlab-annotation.com/documents/videos_samples/D0488.mp4?autoplay=true,673
dấu sắc,https://minio.aiotlab-annotation.com/documents/videos_samples/D0525B.mp4?autoplay=true,674
dấu hỏi,https://minio.aiotlab-annotation.com/documents/videos_samples/D0526B.mp4?autoplay=true,675
dấu ngã,https://minio.aiotlab-annotation.com/documents/videos_samples/D0527B.mp4?autoplay=true,676
an ninh,https://minio.aiotlab-annotation.com/documents/videos_samples/W00007.mp4?autoplay=true,677
anh chị,https://minio.aiotlab-annotation.com/documents/videos_samples/W00010B.mp4?autoplay=true,678
áo cánh,https://minio.aiotlab-annotation.com/documents/videos_samples/W00030.mp4?autoplay=true,679
bàn bạc,https://minio.aiotlab-annotation.com/documents/videos_samples/W00091.mp4?autoplay=true,680
bán đảo,https://minio.aiotlab-annotation.com/documents/videos_samples/W00106.mp4?autoplay=true,681
bánh đa,https://minio.aiotlab-annotation.com/documents/videos_samples/W00131.mp4?autoplay=true,682
bánh xe,https://minio.aiotlab-annotation.com/documents/videos_samples/W00144.mp4?autoplay=true,683
bảo đảm,https://minio.aiotlab-annotation.com/documents/videos_samples/W00152.mp4?autoplay=true,684
bảo thủ,https://minio.aiotlab-annotation.com/documents/videos_samples/W00157.mp4?autoplay=true,685
báo thù,https://minio.aiotlab-annotation.com/documents/videos_samples/W00166.mp4?autoplay=true,686
Bắc Kạn,https://minio.aiotlab-annotation.com/documents/videos_samples/W00183.mp4?autoplay=true,687
bắc nam,https://minio.aiotlab-annotation.com/documents/videos_samples/W00184N.mp4?autoplay=true,688
băng bó,https://minio.aiotlab-annotation.com/documents/videos_samples/W00188.mp4?autoplay=true,689
bến phà,https://minio.aiotlab-annotation.com/documents/videos_samples/W00242.mp4?autoplay=true,690
bến tàu,https://minio.aiotlab-annotation.com/documents/videos_samples/W00243.mp4?autoplay=true,691
Bến Tre,https://minio.aiotlab-annotation.com/documents/videos_samples/W00244.mp4?autoplay=true,692
bị động,https://minio.aiotlab-annotation.com/documents/videos_samples/W00253.mp4?autoplay=true,693
biểu đồ,https://minio.aiotlab-annotation.com/documents/videos_samples/W00265.mp4?autoplay=true,694
bom đạn,https://minio.aiotlab-annotation.com/documents/videos_samples/W00302.mp4?autoplay=true,695
bốc vác,https://minio.aiotlab-annotation.com/documents/videos_samples/W00322.mp4?autoplay=true,696
bộ sách,https://minio.aiotlab-annotation.com/documents/videos_samples/W00329.mp4?autoplay=true,697
bơi lội,https://minio.aiotlab-annotation.com/documents/videos_samples/W00348.mp4?autoplay=true,698
bờm tóc,https://minio.aiotlab-annotation.com/documents/videos_samples/W00352.mp4?autoplay=true,699
bụi đời,https://minio.aiotlab-annotation.com/documents/videos_samples/W00358.mp4?autoplay=true,700
bút máy,https://minio.aiotlab-annotation.com/documents/videos_samples/W00384.mp4?autoplay=true,701
bữa cơm,https://minio.aiotlab-annotation.com/documents/videos_samples/W00385.mp4?autoplay=true,702
cái túi,https://minio.aiotlab-annotation.com/documents/videos_samples/W00406.mp4?autoplay=true,703
cao quý,https://minio.aiotlab-annotation.com/documents/videos_samples/W00420.mp4?autoplay=true,704
cao tốc,https://minio.aiotlab-annotation.com/documents/videos_samples/W00423.mp4?autoplay=true,705
cấp cứu,https://minio.aiotlab-annotation.com/documents/videos_samples/W00432.mp4?autoplay=true,706
cất giữ,https://minio.aiotlab-annotation.com/documents/videos_samples/W00435.mp4?autoplay=true,707
câu đối,https://minio.aiotlab-annotation.com/documents/videos_samples/W00441.mp4?autoplay=true,708
câu đơn,https://minio.aiotlab-annotation.com/documents/videos_samples/W00442.mp4?autoplay=true,709
câu thơ,https://minio.aiotlab-annotation.com/documents/videos_samples/W00444B.mp4?autoplay=true,710
câu văn,https://minio.aiotlab-annotation.com/documents/videos_samples/W00445.mp4?autoplay=true,711
cầu cứu,https://minio.aiotlab-annotation.com/documents/videos_samples/W00447.mp4?autoplay=true,712
cầu thủ,https://minio.aiotlab-annotation.com/documents/videos_samples/W00451.mp4?autoplay=true,713
cầu tre,https://minio.aiotlab-annotation.com/documents/videos_samples/W00452.mp4?autoplay=true,714
cây cối,https://minio.aiotlab-annotation.com/documents/videos_samples/W00460.mp4?autoplay=true,715
cây khế,https://minio.aiotlab-annotation.com/documents/videos_samples/W00465.mp4?autoplay=true,716
cây ngô,https://minio.aiotlab-annotation.com/documents/videos_samples/W00469B.mp4?autoplay=true,717
cây tre,https://minio.aiotlab-annotation.com/documents/videos_samples/W00476.mp4?autoplay=true,718
cấy lúa,https://minio.aiotlab-annotation.com/documents/videos_samples/W00480.mp4?autoplay=true,719
chào cờ,https://minio.aiotlab-annotation.com/documents/videos_samples/W00490.mp4?autoplay=true,720
che chở,https://minio.aiotlab-annotation.com/documents/videos_samples/W00546.mp4?autoplay=true,721
che phủ,https://minio.aiotlab-annotation.com/documents/videos_samples/W00547.mp4?autoplay=true,722
chi hội,https://minio.aiotlab-annotation.com/documents/videos_samples/W00561.mp4?autoplay=true,723
chỉ huy,https://minio.aiotlab-annotation.com/documents/videos_samples/W00567.mp4?autoplay=true,724
chị dâu,https://minio.aiotlab-annotation.com/documents/videos_samples/W00572.mp4?autoplay=true,725
sĩ quan,https://minio.aiotlab-annotation.com/documents/videos_samples/W00590.mp4?autoplay=true,726
mắc áo,https://minio.aiotlab-annotation.com/documents/videos_samples/W02155.mp4?autoplay=true,727
mặc kệ,https://minio.aiotlab-annotation.com/documents/videos_samples/W02159.mp4?autoplay=true,728
mắng,https://minio.aiotlab-annotation.com/documents/videos_samples/W02164B.mp4?autoplay=true,729
mặt nạ,https://minio.aiotlab-annotation.com/documents/videos_samples/W02173.mp4?autoplay=true,730
mẫu số,https://minio.aiotlab-annotation.com/documents/videos_samples/W02191.mp4?autoplay=true,731
mê tín,https://minio.aiotlab-annotation.com/documents/videos_samples/W02203.mp4?autoplay=true,732
móc áo,https://minio.aiotlab-annotation.com/documents/videos_samples/W02218.mp4?autoplay=true,733
mồ côi,https://minio.aiotlab-annotation.com/documents/videos_samples/W02229.mp4?autoplay=true,734
mồ hôi,https://minio.aiotlab-annotation.com/documents/videos_samples/W02231.mp4?autoplay=true,735
mơ ngủ,https://minio.aiotlab-annotation.com/documents/videos_samples/W02255.mp4?autoplay=true,736
mơ ước,https://minio.aiotlab-annotation.com/documents/videos_samples/W02256.mp4?autoplay=true,737
mở cửa,https://minio.aiotlab-annotation.com/documents/videos_samples/W02258.mp4?autoplay=true,738
mở đầu,https://minio.aiotlab-annotation.com/documents/videos_samples/W02259.mp4?autoplay=true,739
mở màn,https://minio.aiotlab-annotation.com/documents/videos_samples/W02260.mp4?autoplay=true,740
mớ rau,https://minio.aiotlab-annotation.com/documents/videos_samples/W02262.mp4?autoplay=true,741
mua vé,https://minio.aiotlab-annotation.com/documents/videos_samples/W02267.mp4?autoplay=true,742
mùa hè,https://minio.aiotlab-annotation.com/documents/videos_samples/W02270B.mp4?autoplay=true,743
mui xe,https://minio.aiotlab-annotation.com/documents/videos_samples/W02280.mp4?autoplay=true,744
muộn,https://minio.aiotlab-annotation.com/documents/videos_samples/W02281.mp4?autoplay=true,745
ngã ba,https://minio.aiotlab-annotation.com/documents/videos_samples/W02325.mp4?autoplay=true,746
ngắn,https://minio.aiotlab-annotation.com/documents/videos_samples/W02343.mp4?autoplay=true,747
nghe,https://minio.aiotlab-annotation.com/documents/videos_samples/W02353.mp4?autoplay=true,748
nghé,https://minio.aiotlab-annotation.com/documents/videos_samples/W02354B.mp4?autoplay=true,749
nghĩ,https://minio.aiotlab-annotation.com/documents/videos_samples/W02368.mp4?autoplay=true,750
ngói,https://minio.aiotlab-annotation.com/documents/videos_samples/W02387.mp4?autoplay=true,751
ngồi,https://minio.aiotlab-annotation.com/documents/videos_samples/W02400B.mp4?autoplay=true,752
nhà tù,https://minio.aiotlab-annotation.com/documents/videos_samples/W02456.mp4?autoplay=true,753
nhận,https://minio.aiotlab-annotation.com/documents/videos_samples/W02485.mp4?autoplay=true,754
nhìn,https://minio.aiotlab-annotation.com/documents/videos_samples/W02499.mp4?autoplay=true,755
nhóm,https://minio.aiotlab-annotation.com/documents/videos_samples/W02503.mp4?autoplay=true,756
nhọn,https://minio.aiotlab-annotation.com/documents/videos_samples/W02504.mp4?autoplay=true,757
nô lệ,https://minio.aiotlab-annotation.com/documents/videos_samples/W02528.mp4?autoplay=true,758
nổ mìn,https://minio.aiotlab-annotation.com/documents/videos_samples/W02530.mp4?autoplay=true,759
ô tô,https://minio.aiotlab-annotation.com/documents/videos_samples/W02561.mp4?autoplay=true,760
ốc vít,https://minio.aiotlab-annotation.com/documents/videos_samples/W02564.mp4?autoplay=true,761
ốm đau,https://minio.aiotlab-annotation.com/documents/videos_samples/W02567.mp4?autoplay=true,762
ôn tập,https://minio.aiotlab-annotation.com/documents/videos_samples/W02570.mp4?autoplay=true,763
pha lê,https://minio.aiotlab-annotation.com/documents/videos_samples/W02586.mp4?autoplay=true,764
phao,https://minio.aiotlab-annotation.com/documents/videos_samples/W02602.mp4?autoplay=true,765
phễu,https://minio.aiotlab-annotation.com/documents/videos_samples/W02644.mp4?autoplay=true,766
phô tô,https://minio.aiotlab-annotation.com/documents/videos_samples/W02685.mp4?autoplay=true,767
phố cổ,https://minio.aiotlab-annotation.com/documents/videos_samples/W02690.mp4?autoplay=true,768
phổi,https://minio.aiotlab-annotation.com/documents/videos_samples/W02693.mp4?autoplay=true,769
quả lê,https://minio.aiotlab-annotation.com/documents/videos_samples/W02744.mp4?autoplay=true,770
quả na,https://minio.aiotlab-annotation.com/documents/videos_samples/W02747.mp4?autoplay=true,771
quả ổi,https://minio.aiotlab-annotation.com/documents/videos_samples/W02750.mp4?autoplay=true,772
quả ớt,https://minio.aiotlab-annotation.com/documents/videos_samples/W02751.mp4?autoplay=true,773
quận,https://minio.aiotlab-annotation.com/documents/videos_samples/W02790B.mp4?autoplay=true,774
quên,https://minio.aiotlab-annotation.com/documents/videos_samples/W02798.mp4?autoplay=true,775
rách,https://minio.aiotlab-annotation.com/documents/videos_samples/W02828.mp4?autoplay=true,776
rạch,https://minio.aiotlab-annotation.com/documents/videos_samples/W02831.mp4?autoplay=true,777
răng,https://minio.aiotlab-annotation.com/documents/videos_samples/W02848.mp4?autoplay=true,778
reo hò,https://minio.aiotlab-annotation.com/documents/videos_samples/W02855.mp4?autoplay=true,779
rễ cây,https://minio.aiotlab-annotation.com/documents/videos_samples/W02856.mp4?autoplay=true,780
rễ cọc,https://minio.aiotlab-annotation.com/documents/videos_samples/W02858.mp4?autoplay=true,781
ru ngủ,https://minio.aiotlab-annotation.com/documents/videos_samples/W02876.mp4?autoplay=true,782
rưỡi,https://minio.aiotlab-annotation.com/documents/videos_samples/W02897B.mp4?autoplay=true,783
rượu,https://minio.aiotlab-annotation.com/documents/videos_samples/W02898B.mp4?autoplay=true,784
sách,https://minio.aiotlab-annotation.com/documents/videos_samples/W02900.mp4?autoplay=true,785
san hô,https://minio.aiotlab-annotation.com/documents/videos_samples/W02903.mp4?autoplay=true,786
san sẻ,https://minio.aiotlab-annotation.com/documents/videos_samples/W02906.mp4?autoplay=true,787
Sapa,https://minio.aiotlab-annotation.com/documents/videos_samples/W02925.mp4?autoplay=true,788
sâu bọ,https://minio.aiotlab-annotation.com/documents/videos_samples/W02944.mp4?autoplay=true,789
sổ tay,https://minio.aiotlab-annotation.com/documents/videos_samples/W02974.mp4?autoplay=true,790
số bé,https://minio.aiotlab-annotation.com/documents/videos_samples/W02975.mp4?autoplay=true,791
số đo,https://minio.aiotlab-annotation.com/documents/videos_samples/W02987.mp4?autoplay=true,792
số lẻ,https://minio.aiotlab-annotation.com/documents/videos_samples/W02989.mp4?autoplay=true,793
số lớn,https://minio.aiotlab-annotation.com/documents/videos_samples/W02992.mp4?autoplay=true,794
sơ đồ,https://minio.aiotlab-annotation.com/documents/videos_samples/W03010N.mp4?autoplay=true,795
sơ mi,https://minio.aiotlab-annotation.com/documents/videos_samples/W03011B.mp4?autoplay=true,796
suối,https://minio.aiotlab-annotation.com/documents/videos_samples/W03024.mp4?autoplay=true,797
sữa bò,https://minio.aiotlab-annotation.com/documents/videos_samples/W03036B.mp4?autoplay=true,798
sữa dê,https://minio.aiotlab-annotation.com/documents/videos_samples/W03038B.mp4?autoplay=true,799
sừng,https://minio.aiotlab-annotation.com/documents/videos_samples/W03046.mp4?autoplay=true,800
chim sẻ,https://minio.aiotlab-annotation.com/documents/videos_samples/W00611.mp4?autoplay=true,801
chó sói,https://minio.aiotlab-annotation.com/documents/videos_samples/W00623.mp4?autoplay=true,802
chọi gà,https://minio.aiotlab-annotation.com/documents/videos_samples/W00625.mp4?autoplay=true,803
chợ nổi,https://minio.aiotlab-annotation.com/documents/videos_samples/W00635.mp4?autoplay=true,804
chủ ngữ,https://minio.aiotlab-annotation.com/documents/videos_samples/W00646.mp4?autoplay=true,805
chú tễu,https://minio.aiotlab-annotation.com/documents/videos_samples/W00652.mp4?autoplay=true,806
chữ cái,https://minio.aiotlab-annotation.com/documents/videos_samples/W00705.mp4?autoplay=true,807
co giật,https://minio.aiotlab-annotation.com/documents/videos_samples/W00722.mp4?autoplay=true,808
con cóc,https://minio.aiotlab-annotation.com/documents/videos_samples/W00746.mp4?autoplay=true,809
con cọp,https://minio.aiotlab-annotation.com/documents/videos_samples/W00747B.mp4?autoplay=true,810
con cua,https://minio.aiotlab-annotation.com/documents/videos_samples/W00749.mp4?autoplay=true,811
con cừu,https://minio.aiotlab-annotation.com/documents/videos_samples/W00751.mp4?autoplay=true,812
con dâu,https://minio.aiotlab-annotation.com/documents/videos_samples/W00752.mp4?autoplay=true,813
con ếch,https://minio.aiotlab-annotation.com/documents/videos_samples/W00758B.mp4?autoplay=true,814
con gái,https://minio.aiotlab-annotation.com/documents/videos_samples/W00760.mp4?autoplay=true,815
con gấu,https://minio.aiotlab-annotation.com/documents/videos_samples/W00761.mp4?autoplay=true,816
con ghẹ,https://minio.aiotlab-annotation.com/documents/videos_samples/W00762.mp4?autoplay=true,817
con khỉ,https://minio.aiotlab-annotation.com/documents/videos_samples/W00767.mp4?autoplay=true,818
con mực,https://minio.aiotlab-annotation.com/documents/videos_samples/W00774.mp4?autoplay=true,819
con nai,https://minio.aiotlab-annotation.com/documents/videos_samples/W00775.mp4?autoplay=true,820
con ong,https://minio.aiotlab-annotation.com/documents/videos_samples/W00781N.mp4?autoplay=true,821
con quạ,https://minio.aiotlab-annotation.com/documents/videos_samples/W00783.mp4?autoplay=true,822
con rắn,https://minio.aiotlab-annotation.com/documents/videos_samples/W00784.mp4?autoplay=true,823
con rối,https://minio.aiotlab-annotation.com/documents/videos_samples/W00785.mp4?autoplay=true,824
con rùa,https://minio.aiotlab-annotation.com/documents/videos_samples/W00787N.mp4?autoplay=true,825
con sâu,https://minio.aiotlab-annotation.com/documents/videos_samples/W00788.mp4?autoplay=true,826
con sóc,https://minio.aiotlab-annotation.com/documents/videos_samples/W00790.mp4?autoplay=true,827
con sói,https://minio.aiotlab-annotation.com/documents/videos_samples/W00791.mp4?autoplay=true,828
con tem,https://minio.aiotlab-annotation.com/documents/videos_samples/W00795.mp4?autoplay=true,829
con thỏ,https://minio.aiotlab-annotation.com/documents/videos_samples/W00796.mp4?autoplay=true,830
con tôm,https://minio.aiotlab-annotation.com/documents/videos_samples/W00797B.mp4?autoplay=true,831
con trỏ,https://minio.aiotlab-annotation.com/documents/videos_samples/W00800.mp4?autoplay=true,832
con vẹt,https://minio.aiotlab-annotation.com/documents/videos_samples/W00801.mp4?autoplay=true,833
con vịt,https://minio.aiotlab-annotation.com/documents/videos_samples/W00802.mp4?autoplay=true,834
con voi,https://minio.aiotlab-annotation.com/documents/videos_samples/W00803B.mp4?autoplay=true,835
cổ chân,https://minio.aiotlab-annotation.com/documents/videos_samples/W00816.mp4?autoplay=true,836
cổ họng,https://minio.aiotlab-annotation.com/documents/videos_samples/W00818.mp4?autoplay=true,837
cổ kính,https://minio.aiotlab-annotation.com/documents/videos_samples/W00819.mp4?autoplay=true,838
cố gắng,https://minio.aiotlab-annotation.com/documents/videos_samples/W00820B.mp4?autoplay=true,839
cố định,https://minio.aiotlab-annotation.com/documents/videos_samples/W00827.mp4?autoplay=true,840
cổ tích,https://minio.aiotlab-annotation.com/documents/videos_samples/W00830.mp4?autoplay=true,841
cối giã,https://minio.aiotlab-annotation.com/documents/videos_samples/W00833.mp4?autoplay=true,842
cột đèn,https://minio.aiotlab-annotation.com/documents/videos_samples/W00862.mp4?autoplay=true,843
cột nhà,https://minio.aiotlab-annotation.com/documents/videos_samples/W00865.mp4?autoplay=true,844
cơ quan,https://minio.aiotlab-annotation.com/documents/videos_samples/W00870.mp4?autoplay=true,845
cùi chỏ,https://minio.aiotlab-annotation.com/documents/videos_samples/W00915.mp4?autoplay=true,846
cử động,https://minio.aiotlab-annotation.com/documents/videos_samples/W00930.mp4?autoplay=true,847
cướp cờ,https://minio.aiotlab-annotation.com/documents/videos_samples/W00945.mp4?autoplay=true,848
dài hạn,https://minio.aiotlab-annotation.com/documents/videos_samples/W00953.mp4?autoplay=true,849
dài hơn,https://minio.aiotlab-annotation.com/documents/videos_samples/W00954.mp4?autoplay=true,850
dàn bài,https://minio.aiotlab-annotation.com/documents/videos_samples/W00959.mp4?autoplay=true,851
danh bạ,https://minio.aiotlab-annotation.com/documents/videos_samples/W00963.mp4?autoplay=true,852
danh dự,https://minio.aiotlab-annotation.com/documents/videos_samples/W00964.mp4?autoplay=true,853
danh từ,https://minio.aiotlab-annotation.com/documents/videos_samples/W00970.mp4?autoplay=true,854
dãy nhà,https://minio.aiotlab-annotation.com/documents/videos_samples/W00975.mp4?autoplay=true,855
dãy núi,https://minio.aiotlab-annotation.com/documents/videos_samples/W00976.mp4?autoplay=true,856
dân tộc,https://minio.aiotlab-annotation.com/documents/videos_samples/W00988B.mp4?autoplay=true,857
dầu hoả,https://minio.aiotlab-annotation.com/documents/videos_samples/W00995.mp4?autoplay=true,858
dầu khí,https://minio.aiotlab-annotation.com/documents/videos_samples/W00996.mp4?autoplay=true,859
dễ chịu,https://minio.aiotlab-annotation.com/documents/videos_samples/W01026.mp4?autoplay=true,860
hăm dọa,https://minio.aiotlab-annotation.com/documents/videos_samples/W01050.mp4?autoplay=true,861
dòng họ,https://minio.aiotlab-annotation.com/documents/videos_samples/W01056.mp4?autoplay=true,862
dụng cụ,https://minio.aiotlab-annotation.com/documents/videos_samples/W01069.mp4?autoplay=true,863
đá bóng,https://minio.aiotlab-annotation.com/documents/videos_samples/W01078.mp4?autoplay=true,864
đài sen,https://minio.aiotlab-annotation.com/documents/videos_samples/W01080.mp4?autoplay=true,865
đám mây,https://minio.aiotlab-annotation.com/documents/videos_samples/W01094.mp4?autoplay=true,866
đàn bầu,https://minio.aiotlab-annotation.com/documents/videos_samples/W01098.mp4?autoplay=true,867
đào tạo,https://minio.aiotlab-annotation.com/documents/videos_samples/W01115.mp4?autoplay=true,868
Đắk Lắk,https://minio.aiotlab-annotation.com/documents/videos_samples/W01125.mp4?autoplay=true,869
đất nặn,https://minio.aiotlab-annotation.com/documents/videos_samples/W01138.mp4?autoplay=true,870
đầu gối,https://minio.aiotlab-annotation.com/documents/videos_samples/W01141.mp4?autoplay=true,871
đầu tàu,https://minio.aiotlab-annotation.com/documents/videos_samples/W01143.mp4?autoplay=true,872
đấu vật,https://minio.aiotlab-annotation.com/documents/videos_samples/W01148.mp4?autoplay=true,873
đề nghị,https://minio.aiotlab-annotation.com/documents/videos_samples/W01177B.mp4?autoplay=true,874
đĩa DVD,https://minio.aiotlab-annotation.com/documents/videos_samples/W01193.mp4?autoplay=true,875
địa cầu,https://minio.aiotlab-annotation.com/documents/videos_samples/W01194.mp4?autoplay=true,876
định vị,https://minio.aiotlab-annotation.com/documents/videos_samples/W01226.mp4?autoplay=true,877
đoàn tụ,https://minio.aiotlab-annotation.com/documents/videos_samples/W01232.mp4?autoplay=true,878
đồ chơi,https://minio.aiotlab-annotation.com/documents/videos_samples/W01249.mp4?autoplay=true,879
độc hại,https://minio.aiotlab-annotation.com/documents/videos_samples/W01254.mp4?autoplay=true,880
đồng hồ,https://minio.aiotlab-annotation.com/documents/videos_samples/W01265.mp4?autoplay=true,881
đổ nước,https://minio.aiotlab-annotation.com/documents/videos_samples/W01268.mp4?autoplay=true,882
độc lập,https://minio.aiotlab-annotation.com/documents/videos_samples/W01272.mp4?autoplay=true,883
đôi tay,https://minio.aiotlab-annotation.com/documents/videos_samples/W01274.mp4?autoplay=true,884
đổi mới,https://minio.aiotlab-annotation.com/documents/videos_samples/W01277.mp4?autoplay=true,885
rơm rớm,https://minio.aiotlab-annotation.com/documents/videos_samples/W01297.mp4?autoplay=true,886
động cơ,https://minio.aiotlab-annotation.com/documents/videos_samples/W01299.mp4?autoplay=true,887
sa thải,https://minio.aiotlab-annotation.com/documents/videos_samples/W01324.mp4?autoplay=true,888
đưa đón,https://minio.aiotlab-annotation.com/documents/videos_samples/W01325.mp4?autoplay=true,889
em trai,https://minio.aiotlab-annotation.com/documents/videos_samples/W01352B.mp4?autoplay=true,890
gà rừng,https://minio.aiotlab-annotation.com/documents/videos_samples/W01366.mp4?autoplay=true,891
gạo nếp,https://minio.aiotlab-annotation.com/documents/videos_samples/W01385.mp4?autoplay=true,892
gãy tay,https://minio.aiotlab-annotation.com/documents/videos_samples/W01388.mp4?autoplay=true,893
gặt lúa,https://minio.aiotlab-annotation.com/documents/videos_samples/W01396.mp4?autoplay=true,894
gật đầu,https://minio.aiotlab-annotation.com/documents/videos_samples/W01400.mp4?autoplay=true,895
ghi chú,https://minio.aiotlab-annotation.com/documents/videos_samples/W01411.mp4?autoplay=true,896
ghi nhớ,https://minio.aiotlab-annotation.com/documents/videos_samples/W01413.mp4?autoplay=true,897
Gia Lai,https://minio.aiotlab-annotation.com/documents/videos_samples/W01415.mp4?autoplay=true,898
giả mạo,https://minio.aiotlab-annotation.com/documents/videos_samples/W01418.mp4?autoplay=true,899
giáo sĩ,https://minio.aiotlab-annotation.com/documents/videos_samples/W01458.mp4?autoplay=true,900
giận dữ,https://minio.aiotlab-annotation.com/documents/videos_samples/W01465.mp4?autoplay=true,901
giấy tờ,https://minio.aiotlab-annotation.com/documents/videos_samples/W01474.mp4?autoplay=true,902
giẻ lau,https://minio.aiotlab-annotation.com/documents/videos_samples/W01476.mp4?autoplay=true,903
gió Lào,https://minio.aiotlab-annotation.com/documents/videos_samples/W01482.mp4?autoplay=true,904
giơ tay,https://minio.aiotlab-annotation.com/documents/videos_samples/W01491.mp4?autoplay=true,905
giúp đỡ,https://minio.aiotlab-annotation.com/documents/videos_samples/W01497B.mp4?autoplay=true,906
góc bẹt,https://minio.aiotlab-annotation.com/documents/videos_samples/W01501.mp4?autoplay=true,907
góc bếp,https://minio.aiotlab-annotation.com/documents/videos_samples/W01502.mp4?autoplay=true,908
gửi quà,https://minio.aiotlab-annotation.com/documents/videos_samples/W01520.mp4?autoplay=true,909
gửi thư,https://minio.aiotlab-annotation.com/documents/videos_samples/W01522.mp4?autoplay=true,910
Hạ Long,https://minio.aiotlab-annotation.com/documents/videos_samples/W01530.mp4?autoplay=true,911
hải đảo,https://minio.aiotlab-annotation.com/documents/videos_samples/W01534.mp4?autoplay=true,912
hạn hán,https://minio.aiotlab-annotation.com/documents/videos_samples/W01537.mp4?autoplay=true,913
hành vi,https://minio.aiotlab-annotation.com/documents/videos_samples/W01559.mp4?autoplay=true,914
hạt lạc,https://minio.aiotlab-annotation.com/documents/videos_samples/W01566.mp4?autoplay=true,915
hạt lúa,https://minio.aiotlab-annotation.com/documents/videos_samples/W01567.mp4?autoplay=true,916
hắt hơi,https://minio.aiotlab-annotation.com/documents/videos_samples/W01571.mp4?autoplay=true,917
hậu quả,https://minio.aiotlab-annotation.com/documents/videos_samples/W01573.mp4?autoplay=true,918
hi sinh,https://minio.aiotlab-annotation.com/documents/videos_samples/W01583B.mp4?autoplay=true,919
hi vọng,https://minio.aiotlab-annotation.com/documents/videos_samples/W01584B.mp4?autoplay=true,920
hình vẽ,https://minio.aiotlab-annotation.com/documents/videos_samples/W01618.mp4?autoplay=true,921
hoa cúc,https://minio.aiotlab-annotation.com/documents/videos_samples/W01620.mp4?autoplay=true,922
hoa đào,https://minio.aiotlab-annotation.com/documents/videos_samples/W01621.mp4?autoplay=true,923
hoa sen,https://minio.aiotlab-annotation.com/documents/videos_samples/W01629B.mp4?autoplay=true,924
hoán vị,https://minio.aiotlab-annotation.com/documents/videos_samples/W01643.mp4?autoplay=true,925
hỏi han,https://minio.aiotlab-annotation.com/documents/videos_samples/W01660.mp4?autoplay=true,926
hót rác,https://minio.aiotlab-annotation.com/documents/videos_samples/W01662.mp4?autoplay=true,927
học kém,https://minio.aiotlab-annotation.com/documents/videos_samples/W01666.mp4?autoplay=true,928
học phí,https://minio.aiotlab-annotation.com/documents/videos_samples/W01669.mp4?autoplay=true,929
học tập,https://minio.aiotlab-annotation.com/documents/videos_samples/W01670.mp4?autoplay=true,930
học trò,https://minio.aiotlab-annotation.com/documents/videos_samples/W01671.mp4?autoplay=true,931
hồ nước,https://minio.aiotlab-annotation.com/documents/videos_samples/W01686.mp4?autoplay=true,932
hồi hộp,https://minio.aiotlab-annotation.com/documents/videos_samples/W01690B.mp4?autoplay=true,933
hối hận,https://minio.aiotlab-annotation.com/documents/videos_samples/W01692B.mp4?autoplay=true,934
hộp bút,https://minio.aiotlab-annotation.com/documents/videos_samples/W01703.mp4?autoplay=true,935
hộp sữa,https://minio.aiotlab-annotation.com/documents/videos_samples/W01704.mp4?autoplay=true,936
hợp tác,https://minio.aiotlab-annotation.com/documents/videos_samples/W01709.mp4?autoplay=true,937
hung ác,https://minio.aiotlab-annotation.com/documents/videos_samples/W01711.mp4?autoplay=true,938
ích lợi,https://minio.aiotlab-annotation.com/documents/videos_samples/W01727.mp4?autoplay=true,939
in (ấn),https://minio.aiotlab-annotation.com/documents/videos_samples/W01728B.mp4?autoplay=true,940
ít nhất,https://minio.aiotlab-annotation.com/documents/videos_samples/W01732.mp4?autoplay=true,941
kết bạn,https://minio.aiotlab-annotation.com/documents/videos_samples/W01750.mp4?autoplay=true,942
kết hợp,https://minio.aiotlab-annotation.com/documents/videos_samples/W01751.mp4?autoplay=true,943
kết quả,https://minio.aiotlab-annotation.com/documents/videos_samples/W01754B.mp4?autoplay=true,944
kêu gọi,https://minio.aiotlab-annotation.com/documents/videos_samples/W01756.mp4?autoplay=true,945
khâu vá,https://minio.aiotlab-annotation.com/documents/videos_samples/W01784.mp4?autoplay=true,946
khe cửa,https://minio.aiotlab-annotation.com/documents/videos_samples/W01787.mp4?autoplay=true,947
khe núi,https://minio.aiotlab-annotation.com/documents/videos_samples/W01788.mp4?autoplay=true,948
khí cầu,https://minio.aiotlab-annotation.com/documents/videos_samples/W01794.mp4?autoplay=true,949
bụi tre,https://minio.aiotlab-annotation.com/documents/videos_samples/W01827.mp4?autoplay=true,950
khô héo,https://minio.aiotlab-annotation.com/documents/videos_samples/W01828.mp4?autoplay=true,951
khổ thơ,https://minio.aiotlab-annotation.com/documents/videos_samples/W01829.mp4?autoplay=true,952
vực sâu,https://minio.aiotlab-annotation.com/documents/videos_samples/W01852.mp4?autoplay=true,953
kì diệu,https://minio.aiotlab-annotation.com/documents/videos_samples/W01861.mp4?autoplay=true,954
kỉ niệm,https://minio.aiotlab-annotation.com/documents/videos_samples/W01866B.mp4?autoplay=true,955
kí hiệu,https://minio.aiotlab-annotation.com/documents/videos_samples/W01867.mp4?autoplay=true,956
kỉ luật,https://minio.aiotlab-annotation.com/documents/videos_samples/W01871.mp4?autoplay=true,957
Kon Tum,https://minio.aiotlab-annotation.com/documents/videos_samples/W01908.mp4?autoplay=true,958
thổ dân,https://minio.aiotlab-annotation.com/documents/videos_samples/W01943.mp4?autoplay=true,959
lão già,https://minio.aiotlab-annotation.com/documents/videos_samples/W01947.mp4?autoplay=true,960
lau khô,https://minio.aiotlab-annotation.com/documents/videos_samples/W01949.mp4?autoplay=true,961
lau nhà,https://minio.aiotlab-annotation.com/documents/videos_samples/W01950.mp4?autoplay=true,962
lắc đầu,https://minio.aiotlab-annotation.com/documents/videos_samples/W01951.mp4?autoplay=true,963
lặng lẽ,https://minio.aiotlab-annotation.com/documents/videos_samples/W01957.mp4?autoplay=true,964
lắp ráp,https://minio.aiotlab-annotation.com/documents/videos_samples/W01960.mp4?autoplay=true,965
lẫn lộn,https://minio.aiotlab-annotation.com/documents/videos_samples/W01962.mp4?autoplay=true,966
lễ phép,https://minio.aiotlab-annotation.com/documents/videos_samples/W01983.mp4?autoplay=true,967
lon bia,https://minio.aiotlab-annotation.com/documents/videos_samples/W02026.mp4?autoplay=true,968
Long An,https://minio.aiotlab-annotation.com/documents/videos_samples/W02027.mp4?autoplay=true,969
lỗi lầm,https://minio.aiotlab-annotation.com/documents/videos_samples/W02036.mp4?autoplay=true,970
lông gà,https://minio.aiotlab-annotation.com/documents/videos_samples/W02040.mp4?autoplay=true,971
lơ lửng,https://minio.aiotlab-annotation.com/documents/videos_samples/W02046.mp4?autoplay=true,972
lời nói,https://minio.aiotlab-annotation.com/documents/videos_samples/W02048.mp4?autoplay=true,973
lợi ích,https://minio.aiotlab-annotation.com/documents/videos_samples/W02049.mp4?autoplay=true,974
lớp phó,https://minio.aiotlab-annotation.com/documents/videos_samples/W02055.mp4?autoplay=true,975
lũ quét,https://minio.aiotlab-annotation.com/documents/videos_samples/W02059.mp4?autoplay=true,976
luật lệ,https://minio.aiotlab-annotation.com/documents/videos_samples/W02065.mp4?autoplay=true,977
lúc nào,https://minio.aiotlab-annotation.com/documents/videos_samples/W02066B.mp4?autoplay=true,978
lục địa,https://minio.aiotlab-annotation.com/documents/videos_samples/W02067.mp4?autoplay=true,979
lũy tre,https://minio.aiotlab-annotation.com/documents/videos_samples/W02073.mp4?autoplay=true,980
lựu đạn,https://minio.aiotlab-annotation.com/documents/videos_samples/W02100.mp4?autoplay=true,981
mã vạch,https://minio.aiotlab-annotation.com/documents/videos_samples/W02109.mp4?autoplay=true,982
mái nhà,https://minio.aiotlab-annotation.com/documents/videos_samples/W02118.mp4?autoplay=true,983
mái tóc,https://minio.aiotlab-annotation.com/documents/videos_samples/W02119.mp4?autoplay=true,984
mạnh mẽ,https://minio.aiotlab-annotation.com/documents/videos_samples/W02131.mp4?autoplay=true,985
màu cam,https://minio.aiotlab-annotation.com/documents/videos_samples/W02132.mp4?autoplay=true,986
màu đen,https://minio.aiotlab-annotation.com/documents/videos_samples/W02133B.mp4?autoplay=true,987
màu nâu,https://minio.aiotlab-annotation.com/documents/videos_samples/W02137B.mp4?autoplay=true,988
máy ảnh,https://minio.aiotlab-annotation.com/documents/videos_samples/W02145.mp4?autoplay=true,989
máy bơm,https://minio.aiotlab-annotation.com/documents/videos_samples/W02146.mp4?autoplay=true,990
mặt đất,https://minio.aiotlab-annotation.com/documents/videos_samples/W02171.mp4?autoplay=true,991
mặt dài,https://minio.aiotlab-annotation.com/documents/videos_samples/W02175.mp4?autoplay=true,992
mâm cơm,https://minio.aiotlab-annotation.com/documents/videos_samples/W02177.mp4?autoplay=true,993
mầm cây,https://minio.aiotlab-annotation.com/documents/videos_samples/W02180.mp4?autoplay=true,994
mầm non,https://minio.aiotlab-annotation.com/documents/videos_samples/W02181.mp4?autoplay=true,995
mất ngủ,https://minio.aiotlab-annotation.com/documents/videos_samples/W02182.mp4?autoplay=true,996
mất trí,https://minio.aiotlab-annotation.com/documents/videos_samples/W02183.mp4?autoplay=true,997
mật ong,https://minio.aiotlab-annotation.com/documents/videos_samples/W02189.mp4?autoplay=true,998
mét (m),https://minio.aiotlab-annotation.com/documents/videos_samples/W02197.mp4?autoplay=true,999
mềm mại,https://minio.aiotlab-annotation.com/documents/videos_samples/W02204.mp4?autoplay=true,1000
